USE [EasySchoolManager_]
GO
/****** Object:  Table [dbo].[Allergies]    Script Date: 11/08/2017 20:42:14 ******/
SET IDENTITY_INSERT [dbo].[Allergies] ON
INSERT [dbo].[Allergies] ([Id], [Name], [IsDeleted], [IsActive], [CreatorUserId], [CreationTime], [LastModifierUserId], [LastModificationTime], [DeleterUserId], [DeletionTime]) VALUES (1, N'Polen', 0, 1, NULL, getdate(), NULL, NULL, NULL, NULL)
INSERT [dbo].[Allergies] ([Id], [Name], [IsDeleted], [IsActive], [CreatorUserId], [CreationTime], [LastModifierUserId], [LastModificationTime], [DeleterUserId], [DeletionTime]) VALUES (2, N'Acaros del Polvo', 0, 1, NULL, getdate(), NULL, NULL, NULL, NULL)
INSERT [dbo].[Allergies] ([Id], [Name], [IsDeleted], [IsActive], [CreatorUserId], [CreationTime], [LastModifierUserId], [LastModificationTime], [DeleterUserId], [DeletionTime]) VALUES (3, N'Esporas de moho', 0, 1, NULL, getdate(), NULL, NULL, NULL, NULL)
INSERT [dbo].[Allergies] ([Id], [Name], [IsDeleted], [IsActive], [CreatorUserId], [CreationTime], [LastModifierUserId], [LastModificationTime], [DeleterUserId], [DeletionTime]) VALUES (4, N'Caspa de animales', 0, 1, NULL, getdate(), NULL, NULL, NULL, NULL)
INSERT [dbo].[Allergies] ([Id], [Name], [IsDeleted], [IsActive], [CreatorUserId], [CreationTime], [LastModifierUserId], [LastModificationTime], [DeleterUserId], [DeletionTime]) VALUES (5, N'Picaduras de insectos', 0, 1, NULL, getdate(), NULL, NULL, NULL, NULL)
INSERT [dbo].[Allergies] ([Id], [Name], [IsDeleted], [IsActive], [CreatorUserId], [CreationTime], [LastModifierUserId], [LastModificationTime], [DeleterUserId], [DeletionTime]) VALUES (6, N'Látex', 0, 1, NULL, getdate(), NULL, NULL, NULL, NULL)
INSERT [dbo].[Allergies] ([Id], [Name], [IsDeleted], [IsActive], [CreatorUserId], [CreationTime], [LastModifierUserId], [LastModificationTime], [DeleterUserId], [DeletionTime]) VALUES (7, N'Frutos Secos', 0, 1, NULL, getdate(), NULL, NULL, NULL, NULL)
INSERT [dbo].[Allergies] ([Id], [Name], [IsDeleted], [IsActive], [CreatorUserId], [CreationTime], [LastModifierUserId], [LastModificationTime], [DeleterUserId], [DeletionTime]) VALUES (8, N'Mariscos', 0, 1, NULL, getdate(), NULL, NULL, NULL, NULL)
INSERT [dbo].[Allergies] ([Id], [Name], [IsDeleted], [IsActive], [CreatorUserId], [CreationTime], [LastModifierUserId], [LastModificationTime], [DeleterUserId], [DeletionTime]) VALUES (9, N'Pescado', 0, 1, NULL, getdate(), NULL, NULL, NULL, NULL)
INSERT [dbo].[Allergies] ([Id], [Name], [IsDeleted], [IsActive], [CreatorUserId], [CreationTime], [LastModifierUserId], [LastModificationTime], [DeleterUserId], [DeletionTime]) VALUES (10, N'Gluten', 0, 1, NULL, getdate(), NULL, NULL, NULL, NULL)
INSERT [dbo].[Allergies] ([Id], [Name], [IsDeleted], [IsActive], [CreatorUserId], [CreationTime], [LastModifierUserId], [LastModificationTime], [DeleterUserId], [DeletionTime]) VALUES (11, N'Huevo', 0, 1, NULL, getdate(), NULL, NULL, NULL, NULL)
INSERT [dbo].[Allergies] ([Id], [Name], [IsDeleted], [IsActive], [CreatorUserId], [CreationTime], [LastModifierUserId], [LastModificationTime], [DeleterUserId], [DeletionTime]) VALUES (12, N'Leche', 0, 1, NULL, getdate(), NULL, NULL, NULL, NULL)
INSERT [dbo].[Allergies] ([Id], [Name], [IsDeleted], [IsActive], [CreatorUserId], [CreationTime], [LastModifierUserId], [LastModificationTime], [DeleterUserId], [DeletionTime]) VALUES (13, N'Trigo', 0, 1, NULL, getdate(), NULL, NULL, NULL, NULL)
INSERT [dbo].[Allergies] ([Id], [Name], [IsDeleted], [IsActive], [CreatorUserId], [CreationTime], [LastModifierUserId], [LastModificationTime], [DeleterUserId], [DeletionTime]) VALUES (14, N'Maní', 0, 1, NULL, getdate(), NULL, NULL, NULL, NULL)
INSERT [dbo].[Allergies] ([Id], [Name], [IsDeleted], [IsActive], [CreatorUserId], [CreationTime], [LastModifierUserId], [LastModificationTime], [DeleterUserId], [DeletionTime]) VALUES (15, N'Pelos de Animales', 0, 1, NULL, getdate(), NULL, NULL, NULL, NULL)
INSERT [dbo].[Allergies] ([Id], [Name], [IsDeleted], [IsActive], [CreatorUserId], [CreationTime], [LastModifierUserId], [LastModificationTime], [DeleterUserId], [DeletionTime]) VALUES (16, N'Plumas', 0, 1, NULL, getdate(), NULL, NULL, NULL, NULL)
INSERT [dbo].[Allergies] ([Id], [Name], [IsDeleted], [IsActive], [CreatorUserId], [CreationTime], [LastModifierUserId], [LastModificationTime], [DeleterUserId], [DeletionTime]) VALUES (17, N'Insectos', 0, 1, NULL, getdate(), NULL, NULL, NULL, NULL)
INSERT [dbo].[Allergies] ([Id], [Name], [IsDeleted], [IsActive], [CreatorUserId], [CreationTime], [LastModifierUserId], [LastModificationTime], [DeleterUserId], [DeletionTime]) VALUES (18, N'Penicilina', 0, 1, NULL, getdate(), NULL, NULL, NULL, NULL)
INSERT [dbo].[Allergies] ([Id], [Name], [IsDeleted], [IsActive], [CreatorUserId], [CreationTime], [LastModifierUserId], [LastModificationTime], [DeleterUserId], [DeletionTime]) VALUES (19, N'Aspirina', 0, 1, NULL, getdate(), NULL, NULL, NULL, NULL)
INSERT [dbo].[Allergies] ([Id], [Name], [IsDeleted], [IsActive], [CreatorUserId], [CreationTime], [LastModifierUserId], [LastModificationTime], [DeleterUserId], [DeletionTime]) VALUES (20, N'Anestesia', 0, 1, NULL, getdate(), NULL, NULL, NULL, NULL)
SET IDENTITY_INSERT [dbo].[Allergies] OFF
/****** Object:  Table [dbo].[Religions]    Script Date: 11/08/2017 20:42:14 ******/
SET IDENTITY_INSERT [dbo].[Religions] ON
INSERT [dbo].[Religions] ([Id], [ShortName], [LongName], [IsDeleted], [IsActive], [CreatorUserId], [CreationTime], [LastModifierUserId], [LastModificationTime], [DeleterUserId], [DeletionTime]) VALUES (1, N'Adventista', N'Adventista del Séptimo Día', 0, 1, NULL, getdate(), NULL, NULL, NULL, NULL)
INSERT [dbo].[Religions] ([Id], [ShortName], [LongName], [IsDeleted], [IsActive], [CreatorUserId], [CreationTime], [LastModifierUserId], [LastModificationTime], [DeleterUserId], [DeletionTime]) VALUES (2, N'Anglicanos', N'Anglicanos', 0, 1, NULL, getdate(), NULL, NULL, NULL, NULL)
INSERT [dbo].[Religions] ([Id], [ShortName], [LongName], [IsDeleted], [IsActive], [CreatorUserId], [CreationTime], [LastModifierUserId], [LastModificationTime], [DeleterUserId], [DeletionTime]) VALUES (3, N'Bautista', N'Baptista', 0, 1, NULL, getdate(), NULL, NULL, NULL, NULL)
INSERT [dbo].[Religions] ([Id], [ShortName], [LongName], [IsDeleted], [IsActive], [CreatorUserId], [CreationTime], [LastModifierUserId], [LastModificationTime], [DeleterUserId], [DeletionTime]) VALUES (4, N'Budismo', N'Budismo', 0, 1, NULL, getdate(), NULL, NULL, NULL, NULL)
INSERT [dbo].[Religions] ([Id], [ShortName], [LongName], [IsDeleted], [IsActive], [CreatorUserId], [CreationTime], [LastModifierUserId], [LastModificationTime], [DeleterUserId], [DeletionTime]) VALUES (5, N'Candomblé', N'Candomblé', 0, 1, NULL, getdate(), NULL, NULL, NULL, NULL)
INSERT [dbo].[Religions] ([Id], [ShortName], [LongName], [IsDeleted], [IsActive], [CreatorUserId], [CreationTime], [LastModifierUserId], [LastModificationTime], [DeleterUserId], [DeletionTime]) VALUES (6, N'Celtismo', N'Celtismo', 0, 1, NULL, getdate(), NULL, NULL, NULL, NULL)
INSERT [dbo].[Religions] ([Id], [ShortName], [LongName], [IsDeleted], [IsActive], [CreatorUserId], [CreationTime], [LastModifierUserId], [LastModificationTime], [DeleterUserId], [DeletionTime]) VALUES (7, N'Chamanismo', N'Chamanismo', 0, 1, NULL, getdate(), NULL, NULL, NULL, NULL)
INSERT [dbo].[Religions] ([Id], [ShortName], [LongName], [IsDeleted], [IsActive], [CreatorUserId], [CreationTime], [LastModifierUserId], [LastModificationTime], [DeleterUserId], [DeletionTime]) VALUES (8, N'Chiismo', N'Chiismo', 0, 1, NULL, getdate(), NULL, NULL, NULL, NULL)
INSERT [dbo].[Religions] ([Id], [ShortName], [LongName], [IsDeleted], [IsActive], [CreatorUserId], [CreationTime], [LastModifierUserId], [LastModificationTime], [DeleterUserId], [DeletionTime]) VALUES (9, N'Chondogyo', N'Chondogyo', 0, 1, NULL, getdate(), NULL, NULL, NULL, NULL)
INSERT [dbo].[Religions] ([Id], [ShortName], [LongName], [IsDeleted], [IsActive], [CreatorUserId], [CreationTime], [LastModifierUserId], [LastModificationTime], [DeleterUserId], [DeletionTime]) VALUES (10, N'Confucianismo', N'Confucianismo', 0, 1, NULL, getdate(), NULL, NULL, NULL, NULL)
INSERT [dbo].[Religions] ([Id], [ShortName], [LongName], [IsDeleted], [IsActive], [CreatorUserId], [CreationTime], [LastModifierUserId], [LastModificationTime], [DeleterUserId], [DeletionTime]) VALUES (11, N'Cristadelfianos', N'Cristadelfianos', 0, 1, NULL, getdate(), NULL, NULL, NULL, NULL)
INSERT [dbo].[Religions] ([Id], [ShortName], [LongName], [IsDeleted], [IsActive], [CreatorUserId], [CreationTime], [LastModifierUserId], [LastModificationTime], [DeleterUserId], [DeletionTime]) VALUES (12, N'Cuáqueros', N'Cuáqueros', 0, 1, NULL, getdate(), NULL, NULL, NULL, NULL)
INSERT [dbo].[Religions] ([Id], [ShortName], [LongName], [IsDeleted], [IsActive], [CreatorUserId], [CreationTime], [LastModifierUserId], [LastModificationTime], [DeleterUserId], [DeletionTime]) VALUES (13, N'Davidianos', N'Davidianos', 0, 1, NULL, getdate(), NULL, NULL, NULL, NULL)
INSERT [dbo].[Religions] ([Id], [ShortName], [LongName], [IsDeleted], [IsActive], [CreatorUserId], [CreationTime], [LastModifierUserId], [LastModificationTime], [DeleterUserId], [DeletionTime]) VALUES (14, N'Dodecateísmo', N'Dodecateísmo', 0, 1, NULL, getdate(), NULL, NULL, NULL, NULL)
INSERT [dbo].[Religions] ([Id], [ShortName], [LongName], [IsDeleted], [IsActive], [CreatorUserId], [CreationTime], [LastModifierUserId], [LastModificationTime], [DeleterUserId], [DeletionTime]) VALUES (15, N'Etenismo', N'Etenismo', 0, 1, NULL, getdate(), NULL, NULL, NULL, NULL)
INSERT [dbo].[Religions] ([Id], [ShortName], [LongName], [IsDeleted], [IsActive], [CreatorUserId], [CreationTime], [LastModifierUserId], [LastModificationTime], [DeleterUserId], [DeletionTime]) VALUES (16, N'Evangélica', N'Evangélica', 0, 1, NULL, getdate(), NULL, NULL, NULL, NULL)
INSERT [dbo].[Religions] ([Id], [ShortName], [LongName], [IsDeleted], [IsActive], [CreatorUserId], [CreationTime], [LastModifierUserId], [LastModificationTime], [DeleterUserId], [DeletionTime]) VALUES (17, N'Pentecostal', N'Pentecostal', 0, 1, NULL, getdate(), NULL, NULL, NULL, NULL)
INSERT [dbo].[Religions] ([Id], [ShortName], [LongName], [IsDeleted], [IsActive], [CreatorUserId], [CreationTime], [LastModifierUserId], [LastModificationTime], [DeleterUserId], [DeletionTime]) VALUES (18, N'Hinduismo', N'Hinduismo', 0, 1, NULL, getdate(), NULL, NULL, NULL, NULL)
INSERT [dbo].[Religions] ([Id], [ShortName], [LongName], [IsDeleted], [IsActive], [CreatorUserId], [CreationTime], [LastModifierUserId], [LastModificationTime], [DeleterUserId], [DeletionTime]) VALUES (19, N'Católica', N'Católica', 0, 1, NULL, getdate(), NULL, NULL, NULL, NULL)
INSERT [dbo].[Religions] ([Id], [ShortName], [LongName], [IsDeleted], [IsActive], [CreatorUserId], [CreationTime], [LastModifierUserId], [LastModificationTime], [DeleterUserId], [DeletionTime]) VALUES (20, N'Mormón', N'La Iglesia de Jesucristo de los Santos de los Últimos Días', 0, 1, NULL, getdate(), NULL, NULL, NULL, NULL)
INSERT [dbo].[Religions] ([Id], [ShortName], [LongName], [IsDeleted], [IsActive], [CreatorUserId], [CreationTime], [LastModifierUserId], [LastModificationTime], [DeleterUserId], [DeletionTime]) VALUES (21, N'Islam', N'Islam', 0, 1, NULL, getdate(), NULL, NULL, NULL, NULL)
INSERT [dbo].[Religions] ([Id], [ShortName], [LongName], [IsDeleted], [IsActive], [CreatorUserId], [CreationTime], [LastModifierUserId], [LastModificationTime], [DeleterUserId], [DeletionTime]) VALUES (22, N'Jainismo', N'Jainismo', 0, 1, NULL, getdate(), NULL, NULL, NULL, NULL)
INSERT [dbo].[Religions] ([Id], [ShortName], [LongName], [IsDeleted], [IsActive], [CreatorUserId], [CreationTime], [LastModifierUserId], [LastModificationTime], [DeleterUserId], [DeletionTime]) VALUES (23, N'Judaísmo', N'Judaísmo', 0, 1, NULL, getdate(), NULL, NULL, NULL, NULL)
INSERT [dbo].[Religions] ([Id], [ShortName], [LongName], [IsDeleted], [IsActive], [CreatorUserId], [CreationTime], [LastModifierUserId], [LastModificationTime], [DeleterUserId], [DeletionTime]) VALUES (24, N'Kemetismo', N'Kemetismo', 0, 1, NULL, getdate(), NULL, NULL, NULL, NULL)
INSERT [dbo].[Religions] ([Id], [ShortName], [LongName], [IsDeleted], [IsActive], [CreatorUserId], [CreationTime], [LastModifierUserId], [LastModificationTime], [DeleterUserId], [DeletionTime]) VALUES (25, N'Kimbanda', N'Kimbanda', 0, 1, NULL, getdate(), NULL, NULL, NULL, NULL)
INSERT [dbo].[Religions] ([Id], [ShortName], [LongName], [IsDeleted], [IsActive], [CreatorUserId], [CreationTime], [LastModifierUserId], [LastModificationTime], [DeleterUserId], [DeletionTime]) VALUES (26, N'Luterano', N'Luterano', 0, 1, NULL, getdate(), NULL, NULL, NULL, NULL)
INSERT [dbo].[Religions] ([Id], [ShortName], [LongName], [IsDeleted], [IsActive], [CreatorUserId], [CreationTime], [LastModifierUserId], [LastModificationTime], [DeleterUserId], [DeletionTime]) VALUES (27, N'Mandeísmo', N'Mandeísmo', 0, 1, NULL, getdate(), NULL, NULL, NULL, NULL)
INSERT [dbo].[Religions] ([Id], [ShortName], [LongName], [IsDeleted], [IsActive], [CreatorUserId], [CreationTime], [LastModifierUserId], [LastModificationTime], [DeleterUserId], [DeletionTime]) VALUES (28, N'Metodismo', N'Metodismo', 0, 1, NULL, getdate(), NULL, NULL, NULL, NULL)
INSERT [dbo].[Religions] ([Id], [ShortName], [LongName], [IsDeleted], [IsActive], [CreatorUserId], [CreationTime], [LastModifierUserId], [LastModificationTime], [DeleterUserId], [DeletionTime]) VALUES (29, N'Samaritanismo', N'Samaritanismo', 0, 1, NULL, getdate(), NULL, NULL, NULL, NULL)
INSERT [dbo].[Religions] ([Id], [ShortName], [LongName], [IsDeleted], [IsActive], [CreatorUserId], [CreationTime], [LastModifierUserId], [LastModificationTime], [DeleterUserId], [DeletionTime]) VALUES (30, N'Sintoísmo', N'Sintoísmo', 0, 1, NULL, getdate(), NULL, NULL, NULL, NULL)
INSERT [dbo].[Religions] ([Id], [ShortName], [LongName], [IsDeleted], [IsActive], [CreatorUserId], [CreationTime], [LastModifierUserId], [LastModificationTime], [DeleterUserId], [DeletionTime]) VALUES (31, N'Shivaísmo', N'Shivaísmo', 0, 1, NULL, getdate(), NULL, NULL, NULL, NULL)
INSERT [dbo].[Religions] ([Id], [ShortName], [LongName], [IsDeleted], [IsActive], [CreatorUserId], [CreationTime], [LastModifierUserId], [LastModificationTime], [DeleterUserId], [DeletionTime]) VALUES (32, N'Sijismo', N'Sijismo', 0, 1, NULL, getdate(), NULL, NULL, NULL, NULL)
INSERT [dbo].[Religions] ([Id], [ShortName], [LongName], [IsDeleted], [IsActive], [CreatorUserId], [CreationTime], [LastModifierUserId], [LastModificationTime], [DeleterUserId], [DeletionTime]) VALUES (33, N'Sufismo', N'Sufismo', 0, 1, NULL, getdate(), NULL, NULL, NULL, NULL)
INSERT [dbo].[Religions] ([Id], [ShortName], [LongName], [IsDeleted], [IsActive], [CreatorUserId], [CreationTime], [LastModifierUserId], [LastModificationTime], [DeleterUserId], [DeletionTime]) VALUES (34, N'Sunismo', N'Sunismo', 0, 1, NULL, getdate(), NULL, NULL, NULL, NULL)
INSERT [dbo].[Religions] ([Id], [ShortName], [LongName], [IsDeleted], [IsActive], [CreatorUserId], [CreationTime], [LastModifierUserId], [LastModificationTime], [DeleterUserId], [DeletionTime]) VALUES (35, N'Taoísmo', N'Taoísmo', 0, 1, NULL, getdate(), NULL, NULL, NULL, NULL)
INSERT [dbo].[Religions] ([Id], [ShortName], [LongName], [IsDeleted], [IsActive], [CreatorUserId], [CreationTime], [LastModifierUserId], [LastModificationTime], [DeleterUserId], [DeletionTime]) VALUES (36, N'Testigos de Jehová', N'Testigos de Jehová', 0, 1, NULL, getdate(), NULL, NULL, NULL, NULL)
INSERT [dbo].[Religions] ([Id], [ShortName], [LongName], [IsDeleted], [IsActive], [CreatorUserId], [CreationTime], [LastModifierUserId], [LastModificationTime], [DeleterUserId], [DeletionTime]) VALUES (37, N'Totemismo', N'Totemismo', 0, 1, NULL, getdate(), NULL, NULL, NULL, NULL)
INSERT [dbo].[Religions] ([Id], [ShortName], [LongName], [IsDeleted], [IsActive], [CreatorUserId], [CreationTime], [LastModifierUserId], [LastModificationTime], [DeleterUserId], [DeletionTime]) VALUES (38, N'Umbanda', N'Umbanda', 0, 1, NULL, getdate(), NULL, NULL, NULL, NULL)
INSERT [dbo].[Religions] ([Id], [ShortName], [LongName], [IsDeleted], [IsActive], [CreatorUserId], [CreationTime], [LastModifierUserId], [LastModificationTime], [DeleterUserId], [DeletionTime]) VALUES (39, N'Vaishnavismo', N'Vaishnavismo', 0, 1, NULL, getdate(), NULL, NULL, NULL, NULL)
INSERT [dbo].[Religions] ([Id], [ShortName], [LongName], [IsDeleted], [IsActive], [CreatorUserId], [CreationTime], [LastModifierUserId], [LastModificationTime], [DeleterUserId], [DeletionTime]) VALUES (40, N'Vudú', N'Vudú', 0, 1, NULL, getdate(), NULL, NULL, NULL, NULL)
INSERT [dbo].[Religions] ([Id], [ShortName], [LongName], [IsDeleted], [IsActive], [CreatorUserId], [CreationTime], [LastModifierUserId], [LastModificationTime], [DeleterUserId], [DeletionTime]) VALUES (41, N'Wicca', N'Wicca', 0, 1, NULL, getdate(), NULL, NULL, NULL, NULL)
INSERT [dbo].[Religions] ([Id], [ShortName], [LongName], [IsDeleted], [IsActive], [CreatorUserId], [CreationTime], [LastModifierUserId], [LastModificationTime], [DeleterUserId], [DeletionTime]) VALUES (42, N'Yazidismo', N'Yazidismo', 0, 1, NULL, getdate(), NULL, NULL, NULL, NULL)
INSERT [dbo].[Religions] ([Id], [ShortName], [LongName], [IsDeleted], [IsActive], [CreatorUserId], [CreationTime], [LastModifierUserId], [LastModificationTime], [DeleterUserId], [DeletionTime]) VALUES (43, N'Yoruba', N'Yoruba', 0, 1, NULL, getdate(), NULL, NULL, NULL, NULL)
INSERT [dbo].[Religions] ([Id], [ShortName], [LongName], [IsDeleted], [IsActive], [CreatorUserId], [CreationTime], [LastModifierUserId], [LastModificationTime], [DeleterUserId], [DeletionTime]) VALUES (44, N'Zoroastrismo', N'Zoroastrismo', 0, 1, NULL, getdate(), NULL, NULL, NULL, NULL)
INSERT [dbo].[Religions] ([Id], [ShortName], [LongName], [IsDeleted], [IsActive], [CreatorUserId], [CreationTime], [LastModifierUserId], [LastModificationTime], [DeleterUserId], [DeletionTime]) VALUES (45, N'Mita', N'Mita en Aarón ', 0, 1, NULL, getdate(), NULL, NULL, NULL, NULL)
INSERT [dbo].[Religions] ([Id], [ShortName], [LongName], [IsDeleted], [IsActive], [CreatorUserId], [CreationTime], [LastModifierUserId], [LastModificationTime], [DeleterUserId], [DeletionTime]) VALUES (46, N'Copta', N'Copta', 0, 1, NULL, getdate(), NULL, NULL, NULL, NULL)
INSERT [dbo].[Religions] ([Id], [ShortName], [LongName], [IsDeleted], [IsActive], [CreatorUserId], [CreationTime], [LastModifierUserId], [LastModificationTime], [DeleterUserId], [DeletionTime]) VALUES (47, N'Episcopal', N'Episcopal', 0, 1, NULL, getdate(), NULL, NULL, NULL, NULL)
INSERT [dbo].[Religions] ([Id], [ShortName], [LongName], [IsDeleted], [IsActive], [CreatorUserId], [CreationTime], [LastModifierUserId], [LastModificationTime], [DeleterUserId], [DeletionTime]) VALUES (48, N'Calvinista', N'Calvinista', 0, 1, NULL, getdate(), NULL, NULL, NULL, NULL)
INSERT [dbo].[Religions] ([Id], [ShortName], [LongName], [IsDeleted], [IsActive], [CreatorUserId], [CreationTime], [LastModifierUserId], [LastModificationTime], [DeleterUserId], [DeletionTime]) VALUES (49, N'Krisnaísmo', N'Krisnaísmo', 0, 1, NULL, getdate(), NULL, NULL, NULL, NULL)
INSERT [dbo].[Religions] ([Id], [ShortName], [LongName], [IsDeleted], [IsActive], [CreatorUserId], [CreationTime], [LastModifierUserId], [LastModificationTime], [DeleterUserId], [DeletionTime]) VALUES (50, N'Kopimismo', N'Kopimismo', 0, 1, NULL, getdate(), NULL, NULL, NULL, NULL)
INSERT [dbo].[Religions] ([Id], [ShortName], [LongName], [IsDeleted], [IsActive], [CreatorUserId], [CreationTime], [LastModifierUserId], [LastModificationTime], [DeleterUserId], [DeletionTime]) VALUES (51, N'Asatrú', N'Asatrú', 0, 1, NULL, getdate(), NULL, NULL, NULL, NULL)
INSERT [dbo].[Religions] ([Id], [ShortName], [LongName], [IsDeleted], [IsActive], [CreatorUserId], [CreationTime], [LastModifierUserId], [LastModificationTime], [DeleterUserId], [DeletionTime]) VALUES (52, N'Dievturiba', N'Dievturiba', 0, 1, NULL, getdate(), NULL, NULL, NULL, NULL)
INSERT [dbo].[Religions] ([Id], [ShortName], [LongName], [IsDeleted], [IsActive], [CreatorUserId], [CreationTime], [LastModifierUserId], [LastModificationTime], [DeleterUserId], [DeletionTime]) VALUES (53, N'Neodrudismo', N'Neodrudismo', 0, 1, NULL, getdate(), NULL, NULL, NULL, NULL)
INSERT [dbo].[Religions] ([Id], [ShortName], [LongName], [IsDeleted], [IsActive], [CreatorUserId], [CreationTime], [LastModifierUserId], [LastModificationTime], [DeleterUserId], [DeletionTime]) VALUES (54, N'Orfismo', N'Orfismo', 0, 1, NULL, getdate(), NULL, NULL, NULL, NULL)
INSERT [dbo].[Religions] ([Id], [ShortName], [LongName], [IsDeleted], [IsActive], [CreatorUserId], [CreationTime], [LastModifierUserId], [LastModificationTime], [DeleterUserId], [DeletionTime]) VALUES (55, N'Pitagorísmo', N'Pitagorísmo', 0, 1, NULL, getdate(), NULL, NULL, NULL, NULL)
INSERT [dbo].[Religions] ([Id], [ShortName], [LongName], [IsDeleted], [IsActive], [CreatorUserId], [CreationTime], [LastModifierUserId], [LastModificationTime], [DeleterUserId], [DeletionTime]) VALUES (56, N'Romuva', N'Romuva', 0, 1, NULL, getdate(), NULL, NULL, NULL, NULL)
INSERT [dbo].[Religions] ([Id], [ShortName], [LongName], [IsDeleted], [IsActive], [CreatorUserId], [CreationTime], [LastModifierUserId], [LastModificationTime], [DeleterUserId], [DeletionTime]) VALUES (57, N'Noajismo', N'Noajismo', 0, 1, NULL, getdate(), NULL, NULL, NULL, NULL)
INSERT [dbo].[Religions] ([Id], [ShortName], [LongName], [IsDeleted], [IsActive], [CreatorUserId], [CreationTime], [LastModifierUserId], [LastModificationTime], [DeleterUserId], [DeletionTime]) VALUES (58, N'Pastafarismo', N'Pastafarismo', 0, 1, NULL, getdate(), NULL, NULL, NULL, NULL)
INSERT [dbo].[Religions] ([Id], [ShortName], [LongName], [IsDeleted], [IsActive], [CreatorUserId], [CreationTime], [LastModifierUserId], [LastModificationTime], [DeleterUserId], [DeletionTime]) VALUES (59, N'Yainismo', N'Yainismo', 0, 1, NULL, getdate(), NULL, NULL, NULL, NULL)
SET IDENTITY_INSERT [dbo].[Religions] OFF
/****** Object:  Table [dbo].[Regions]    Script Date: 11/08/2017 20:42:14 ******/
SET IDENTITY_INSERT [dbo].[Regions] ON
INSERT [dbo].[Regions] ([Id], [Name], [IsDeleted], [IsActive], [CreatorUserId], [CreationTime], [LastModifierUserId], [LastModificationTime], [DeleterUserId], [DeletionTime]) VALUES (1, N'NORTE', 0, 1, NULL, getdate(), NULL, NULL, NULL, NULL)
INSERT [dbo].[Regions] ([Id], [Name], [IsDeleted], [IsActive], [CreatorUserId], [CreationTime], [LastModifierUserId], [LastModificationTime], [DeleterUserId], [DeletionTime]) VALUES (2, N'SUR', 0, 1, NULL, getdate(), NULL, NULL, NULL, NULL)
INSERT [dbo].[Regions] ([Id], [Name], [IsDeleted], [IsActive], [CreatorUserId], [CreationTime], [LastModifierUserId], [LastModificationTime], [DeleterUserId], [DeletionTime]) VALUES (3, N'ESTE', 0, 1, NULL, getdate(), NULL, NULL, NULL, NULL)
INSERT [dbo].[Regions] ([Id], [Name], [IsDeleted], [IsActive], [CreatorUserId], [CreationTime], [LastModifierUserId], [LastModificationTime], [DeleterUserId], [DeletionTime]) VALUES (4, N'SANTO DOMINGO', 0, 1, NULL, getdate(), NULL, NULL, NULL, NULL)
INSERT [dbo].[Regions] ([Id], [Name], [IsDeleted], [IsActive], [CreatorUserId], [CreationTime], [LastModifierUserId], [LastModificationTime], [DeleterUserId], [DeletionTime]) VALUES (5, N'NORESTE', 0, 1, NULL, getdate(), NULL, NULL, NULL, NULL)
INSERT [dbo].[Regions] ([Id], [Name], [IsDeleted], [IsActive], [CreatorUserId], [CreationTime], [LastModifierUserId], [LastModificationTime], [DeleterUserId], [DeletionTime]) VALUES (6, N'SURESTE', 0, 1, NULL, getdate(), NULL, NULL, NULL, NULL)
SET IDENTITY_INSERT [dbo].[Regions] OFF
/****** Object:  Table [dbo].[Provinces]    Script Date: 11/08/2017 20:42:14 ******/
SET IDENTITY_INSERT [dbo].[Provinces] ON
INSERT [dbo].[Provinces] ([Id], [Name], [IsDeleted], [IsActive], [CreatorUserId], [CreationTime], [LastModifierUserId], [LastModificationTime], [DeleterUserId], [DeletionTime], [RegionId]) VALUES (1, N'DISTRITO NACIONAL', 0, 1, NULL, getdate(), NULL, NULL, NULL, NULL, 4)
INSERT [dbo].[Provinces] ([Id], [Name], [IsDeleted], [IsActive], [CreatorUserId], [CreationTime], [LastModifierUserId], [LastModificationTime], [DeleterUserId], [DeletionTime], [RegionId]) VALUES (2, N'AZUA', 0, 1, NULL, getdate(), NULL, NULL, NULL, NULL, 2)
INSERT [dbo].[Provinces] ([Id], [Name], [IsDeleted], [IsActive], [CreatorUserId], [CreationTime], [LastModifierUserId], [LastModificationTime], [DeleterUserId], [DeletionTime], [RegionId]) VALUES (3, N'BAORUCO', 0, 1, NULL, getdate(), NULL, NULL, NULL, NULL, 2)
INSERT [dbo].[Provinces] ([Id], [Name], [IsDeleted], [IsActive], [CreatorUserId], [CreationTime], [LastModifierUserId], [LastModificationTime], [DeleterUserId], [DeletionTime], [RegionId]) VALUES (4, N'BARAHONA', 0, 1, NULL, getdate(), NULL, NULL, NULL, NULL, 2)
INSERT [dbo].[Provinces] ([Id], [Name], [IsDeleted], [IsActive], [CreatorUserId], [CreationTime], [LastModifierUserId], [LastModificationTime], [DeleterUserId], [DeletionTime], [RegionId]) VALUES (5, N'DAJABON', 0, 1, NULL, getdate(), NULL, NULL, NULL, NULL, 2)
INSERT [dbo].[Provinces] ([Id], [Name], [IsDeleted], [IsActive], [CreatorUserId], [CreationTime], [LastModifierUserId], [LastModificationTime], [DeleterUserId], [DeletionTime], [RegionId]) VALUES (6, N'DUARTE', 0, 1, NULL, getdate(), NULL, NULL, NULL, NULL, 1)
INSERT [dbo].[Provinces] ([Id], [Name], [IsDeleted], [IsActive], [CreatorUserId], [CreationTime], [LastModifierUserId], [LastModificationTime], [DeleterUserId], [DeletionTime], [RegionId]) VALUES (7, N'EL SEIBO', 0, 1, NULL, getdate(), NULL, NULL, NULL, NULL, 3)
INSERT [dbo].[Provinces] ([Id], [Name], [IsDeleted], [IsActive], [CreatorUserId], [CreationTime], [LastModifierUserId], [LastModificationTime], [DeleterUserId], [DeletionTime], [RegionId]) VALUES (8, N'ELIAS PIÑA', 0, 1, NULL, getdate(), NULL, NULL, NULL, NULL, 2)
INSERT [dbo].[Provinces] ([Id], [Name], [IsDeleted], [IsActive], [CreatorUserId], [CreationTime], [LastModifierUserId], [LastModificationTime], [DeleterUserId], [DeletionTime], [RegionId]) VALUES (9, N'ESPAILLAT', 0, 1, NULL, getdate(), NULL, NULL, NULL, NULL, 1)
INSERT [dbo].[Provinces] ([Id], [Name], [IsDeleted], [IsActive], [CreatorUserId], [CreationTime], [LastModifierUserId], [LastModificationTime], [DeleterUserId], [DeletionTime], [RegionId]) VALUES (10, N'HATO MAYOR', 0, 1, NULL, getdate(), NULL, NULL, NULL, NULL, 3)
INSERT [dbo].[Provinces] ([Id], [Name], [IsDeleted], [IsActive], [CreatorUserId], [CreationTime], [LastModifierUserId], [LastModificationTime], [DeleterUserId], [DeletionTime], [RegionId]) VALUES (11, N'HERMANAS MIRABAL', 0, 1, NULL, getdate(), NULL, NULL, NULL, NULL, 1)
INSERT [dbo].[Provinces] ([Id], [Name], [IsDeleted], [IsActive], [CreatorUserId], [CreationTime], [LastModifierUserId], [LastModificationTime], [DeleterUserId], [DeletionTime], [RegionId]) VALUES (12, N'INDEPENDENCIA', 0, 1, NULL, getdate(), NULL, NULL, NULL, NULL, 2)
INSERT [dbo].[Provinces] ([Id], [Name], [IsDeleted], [IsActive], [CreatorUserId], [CreationTime], [LastModifierUserId], [LastModificationTime], [DeleterUserId], [DeletionTime], [RegionId]) VALUES (13, N'LA ALTAGRACIA', 0, 1, NULL, getdate(), NULL, NULL, NULL, NULL, 3)
INSERT [dbo].[Provinces] ([Id], [Name], [IsDeleted], [IsActive], [CreatorUserId], [CreationTime], [LastModifierUserId], [LastModificationTime], [DeleterUserId], [DeletionTime], [RegionId]) VALUES (14, N'LA ROMANA', 0, 1, NULL, getdate(), NULL, NULL, NULL, NULL, 3)
INSERT [dbo].[Provinces] ([Id], [Name], [IsDeleted], [IsActive], [CreatorUserId], [CreationTime], [LastModifierUserId], [LastModificationTime], [DeleterUserId], [DeletionTime], [RegionId]) VALUES (15, N'LA VEGA', 0, 1, NULL, getdate(), NULL, NULL, NULL, NULL, 1)
INSERT [dbo].[Provinces] ([Id], [Name], [IsDeleted], [IsActive], [CreatorUserId], [CreationTime], [LastModifierUserId], [LastModificationTime], [DeleterUserId], [DeletionTime], [RegionId]) VALUES (16, N'MARIA TRINIDAD SANCHEZ', 0, 1, NULL, getdate(), NULL, NULL, NULL, NULL, 1)
INSERT [dbo].[Provinces] ([Id], [Name], [IsDeleted], [IsActive], [CreatorUserId], [CreationTime], [LastModifierUserId], [LastModificationTime], [DeleterUserId], [DeletionTime], [RegionId]) VALUES (17, N'MONSEÑOR NOUEL', 0, 1, NULL, getdate(), NULL, NULL, NULL, NULL, 1)
INSERT [dbo].[Provinces] ([Id], [Name], [IsDeleted], [IsActive], [CreatorUserId], [CreationTime], [LastModifierUserId], [LastModificationTime], [DeleterUserId], [DeletionTime], [RegionId]) VALUES (18, N'MONTECRISTI', 0, 1, NULL, getdate(), NULL, NULL, NULL, NULL, 1)
INSERT [dbo].[Provinces] ([Id], [Name], [IsDeleted], [IsActive], [CreatorUserId], [CreationTime], [LastModifierUserId], [LastModificationTime], [DeleterUserId], [DeletionTime], [RegionId]) VALUES (19, N'MONTE PLATA', 0, 1, NULL, getdate(), NULL, NULL, NULL, NULL, 1)
INSERT [dbo].[Provinces] ([Id], [Name], [IsDeleted], [IsActive], [CreatorUserId], [CreationTime], [LastModifierUserId], [LastModificationTime], [DeleterUserId], [DeletionTime], [RegionId]) VALUES (20, N'PEDERNALES', 0, 1, NULL, getdate(), NULL, NULL, NULL, NULL, 2)
INSERT [dbo].[Provinces] ([Id], [Name], [IsDeleted], [IsActive], [CreatorUserId], [CreationTime], [LastModifierUserId], [LastModificationTime], [DeleterUserId], [DeletionTime], [RegionId]) VALUES (21, N'PERAVIA', 0, 1, NULL, getdate(), NULL, NULL, NULL, NULL, 2)
INSERT [dbo].[Provinces] ([Id], [Name], [IsDeleted], [IsActive], [CreatorUserId], [CreationTime], [LastModifierUserId], [LastModificationTime], [DeleterUserId], [DeletionTime], [RegionId]) VALUES (22, N'PUERTO PLATA', 0, 1, NULL, getdate(), NULL, NULL, NULL, NULL, 1)
INSERT [dbo].[Provinces] ([Id], [Name], [IsDeleted], [IsActive], [CreatorUserId], [CreationTime], [LastModifierUserId], [LastModificationTime], [DeleterUserId], [DeletionTime], [RegionId]) VALUES (23, N'SAMANA', 0, 1, NULL, getdate(), NULL, NULL, NULL, NULL, 1)
INSERT [dbo].[Provinces] ([Id], [Name], [IsDeleted], [IsActive], [CreatorUserId], [CreationTime], [LastModifierUserId], [LastModificationTime], [DeleterUserId], [DeletionTime], [RegionId]) VALUES (24, N'SAN CRISTOBAL', 0, 1, NULL, getdate(), NULL, NULL, NULL, NULL, 2)
INSERT [dbo].[Provinces] ([Id], [Name], [IsDeleted], [IsActive], [CreatorUserId], [CreationTime], [LastModifierUserId], [LastModificationTime], [DeleterUserId], [DeletionTime], [RegionId]) VALUES (25, N'SAN JOSE DE OCOA', 0, 1, NULL, getdate(), NULL, NULL, NULL, NULL, 2)
INSERT [dbo].[Provinces] ([Id], [Name], [IsDeleted], [IsActive], [CreatorUserId], [CreationTime], [LastModifierUserId], [LastModificationTime], [DeleterUserId], [DeletionTime], [RegionId]) VALUES (26, N'SAN JUAN', 0, 1, NULL, getdate(), NULL, NULL, NULL, NULL, 2)
INSERT [dbo].[Provinces] ([Id], [Name], [IsDeleted], [IsActive], [CreatorUserId], [CreationTime], [LastModifierUserId], [LastModificationTime], [DeleterUserId], [DeletionTime], [RegionId]) VALUES (27, N'SAN PEDRO DE MACORIS', 0, 1, NULL, getdate(), NULL, NULL, NULL, NULL, 3)
INSERT [dbo].[Provinces] ([Id], [Name], [IsDeleted], [IsActive], [CreatorUserId], [CreationTime], [LastModifierUserId], [LastModificationTime], [DeleterUserId], [DeletionTime], [RegionId]) VALUES (28, N'SANCHEZ RAMIREZ', 0, 1, NULL, getdate(), NULL, NULL, NULL, NULL, 1)
INSERT [dbo].[Provinces] ([Id], [Name], [IsDeleted], [IsActive], [CreatorUserId], [CreationTime], [LastModifierUserId], [LastModificationTime], [DeleterUserId], [DeletionTime], [RegionId]) VALUES (29, N'SANTIAGO', 0, 1, NULL, getdate(), NULL, NULL, NULL, NULL, 1)
INSERT [dbo].[Provinces] ([Id], [Name], [IsDeleted], [IsActive], [CreatorUserId], [CreationTime], [LastModifierUserId], [LastModificationTime], [DeleterUserId], [DeletionTime], [RegionId]) VALUES (30, N'SANTIAGO RODRIGUEZ', 0, 1, NULL, getdate(), NULL, NULL, NULL, NULL, 1)
INSERT [dbo].[Provinces] ([Id], [Name], [IsDeleted], [IsActive], [CreatorUserId], [CreationTime], [LastModifierUserId], [LastModificationTime], [DeleterUserId], [DeletionTime], [RegionId]) VALUES (31, N'SANTO DOMINGO', 0, 1, NULL, getdate(), NULL, NULL, NULL, NULL, 4)
INSERT [dbo].[Provinces] ([Id], [Name], [IsDeleted], [IsActive], [CreatorUserId], [CreationTime], [LastModifierUserId], [LastModificationTime], [DeleterUserId], [DeletionTime], [RegionId]) VALUES (32, N'VALVERDE', 0, 1, NULL, getdate(), NULL, NULL, NULL, NULL, 1)
SET IDENTITY_INSERT [dbo].[Provinces] OFF
/****** Object:  Table [dbo].[Cities]    Script Date: 11/08/2017 20:42:14 ******/
SET IDENTITY_INSERT [dbo].[Cities] ON
INSERT [dbo].[Cities] ([Id], [ProvinceId], [Name], [IsDeleted], [IsActive], [CreatorUserId], [CreationTime], [LastModifierUserId], [LastModificationTime], [DeleterUserId], [DeletionTime]) VALUES (1, 1, N'Distrito Nacional', 0, 1, NULL, CAST(0x0000A82401723F41 AS DateTime), NULL, NULL, NULL, NULL)
INSERT [dbo].[Cities] ([Id], [ProvinceId], [Name], [IsDeleted], [IsActive], [CreatorUserId], [CreationTime], [LastModifierUserId], [LastModificationTime], [DeleterUserId], [DeletionTime]) VALUES (2, 2, N'Azua de Compostela', 0, 1, NULL, CAST(0x0000A82401723F42 AS DateTime), NULL, NULL, NULL, NULL)
INSERT [dbo].[Cities] ([Id], [ProvinceId], [Name], [IsDeleted], [IsActive], [CreatorUserId], [CreationTime], [LastModifierUserId], [LastModificationTime], [DeleterUserId], [DeletionTime]) VALUES (3, 2, N'Estebanía', 0, 1, NULL, CAST(0x0000A82401723F42 AS DateTime), NULL, NULL, NULL, NULL)
INSERT [dbo].[Cities] ([Id], [ProvinceId], [Name], [IsDeleted], [IsActive], [CreatorUserId], [CreationTime], [LastModifierUserId], [LastModificationTime], [DeleterUserId], [DeletionTime]) VALUES (4, 2, N'Guayabal', 0, 1, NULL, CAST(0x0000A82401723F42 AS DateTime), NULL, NULL, NULL, NULL)
INSERT [dbo].[Cities] ([Id], [ProvinceId], [Name], [IsDeleted], [IsActive], [CreatorUserId], [CreationTime], [LastModifierUserId], [LastModificationTime], [DeleterUserId], [DeletionTime]) VALUES (5, 2, N'Las Charcas', 0, 1, NULL, CAST(0x0000A82401723F42 AS DateTime), NULL, NULL, NULL, NULL)
INSERT [dbo].[Cities] ([Id], [ProvinceId], [Name], [IsDeleted], [IsActive], [CreatorUserId], [CreationTime], [LastModifierUserId], [LastModificationTime], [DeleterUserId], [DeletionTime]) VALUES (6, 2, N'Las Yayas de Viajama', 0, 1, NULL, CAST(0x0000A82401723F42 AS DateTime), NULL, NULL, NULL, NULL)
INSERT [dbo].[Cities] ([Id], [ProvinceId], [Name], [IsDeleted], [IsActive], [CreatorUserId], [CreationTime], [LastModifierUserId], [LastModificationTime], [DeleterUserId], [DeletionTime]) VALUES (7, 2, N'Padre Las Casas', 0, 1, NULL, CAST(0x0000A82401723F43 AS DateTime), NULL, NULL, NULL, NULL)
INSERT [dbo].[Cities] ([Id], [ProvinceId], [Name], [IsDeleted], [IsActive], [CreatorUserId], [CreationTime], [LastModifierUserId], [LastModificationTime], [DeleterUserId], [DeletionTime]) VALUES (8, 2, N'Peralta', 0, 1, NULL, CAST(0x0000A82401723F43 AS DateTime), NULL, NULL, NULL, NULL)
INSERT [dbo].[Cities] ([Id], [ProvinceId], [Name], [IsDeleted], [IsActive], [CreatorUserId], [CreationTime], [LastModifierUserId], [LastModificationTime], [DeleterUserId], [DeletionTime]) VALUES (9, 2, N'Pueblo Viejo', 0, 1, NULL, CAST(0x0000A82401723F43 AS DateTime), NULL, NULL, NULL, NULL)
INSERT [dbo].[Cities] ([Id], [ProvinceId], [Name], [IsDeleted], [IsActive], [CreatorUserId], [CreationTime], [LastModifierUserId], [LastModificationTime], [DeleterUserId], [DeletionTime]) VALUES (10, 2, N'Sabana Yegua', 0, 1, NULL, CAST(0x0000A82401723F43 AS DateTime), NULL, NULL, NULL, NULL)
INSERT [dbo].[Cities] ([Id], [ProvinceId], [Name], [IsDeleted], [IsActive], [CreatorUserId], [CreationTime], [LastModifierUserId], [LastModificationTime], [DeleterUserId], [DeletionTime]) VALUES (11, 2, N'Tabara Arriba', 0, 1, NULL, CAST(0x0000A82401723F43 AS DateTime), NULL, NULL, NULL, NULL)
INSERT [dbo].[Cities] ([Id], [ProvinceId], [Name], [IsDeleted], [IsActive], [CreatorUserId], [CreationTime], [LastModifierUserId], [LastModificationTime], [DeleterUserId], [DeletionTime]) VALUES (12, 3, N'Neiba', 0, 1, NULL, CAST(0x0000A82401723F43 AS DateTime), NULL, NULL, NULL, NULL)
INSERT [dbo].[Cities] ([Id], [ProvinceId], [Name], [IsDeleted], [IsActive], [CreatorUserId], [CreationTime], [LastModifierUserId], [LastModificationTime], [DeleterUserId], [DeletionTime]) VALUES (13, 3, N'Galván', 0, 1, NULL, CAST(0x0000A82401723F43 AS DateTime), NULL, NULL, NULL, NULL)
INSERT [dbo].[Cities] ([Id], [ProvinceId], [Name], [IsDeleted], [IsActive], [CreatorUserId], [CreationTime], [LastModifierUserId], [LastModificationTime], [DeleterUserId], [DeletionTime]) VALUES (14, 3, N'Los Ríos', 0, 1, NULL, CAST(0x0000A82401723F44 AS DateTime), NULL, NULL, NULL, NULL)
INSERT [dbo].[Cities] ([Id], [ProvinceId], [Name], [IsDeleted], [IsActive], [CreatorUserId], [CreationTime], [LastModifierUserId], [LastModificationTime], [DeleterUserId], [DeletionTime]) VALUES (15, 3, N'Tamayo', 0, 1, NULL, CAST(0x0000A82401723F44 AS DateTime), NULL, NULL, NULL, NULL)
INSERT [dbo].[Cities] ([Id], [ProvinceId], [Name], [IsDeleted], [IsActive], [CreatorUserId], [CreationTime], [LastModifierUserId], [LastModificationTime], [DeleterUserId], [DeletionTime]) VALUES (16, 3, N'Villa Jaragua', 0, 1, NULL, CAST(0x0000A82401723F44 AS DateTime), NULL, NULL, NULL, NULL)
INSERT [dbo].[Cities] ([Id], [ProvinceId], [Name], [IsDeleted], [IsActive], [CreatorUserId], [CreationTime], [LastModifierUserId], [LastModificationTime], [DeleterUserId], [DeletionTime]) VALUES (17, 4, N'Barahona', 0, 1, NULL, CAST(0x0000A82401723F44 AS DateTime), NULL, NULL, NULL, NULL)
INSERT [dbo].[Cities] ([Id], [ProvinceId], [Name], [IsDeleted], [IsActive], [CreatorUserId], [CreationTime], [LastModifierUserId], [LastModificationTime], [DeleterUserId], [DeletionTime]) VALUES (18, 4, N'Cabral', 0, 1, NULL, CAST(0x0000A82401723F44 AS DateTime), NULL, NULL, NULL, NULL)
INSERT [dbo].[Cities] ([Id], [ProvinceId], [Name], [IsDeleted], [IsActive], [CreatorUserId], [CreationTime], [LastModifierUserId], [LastModificationTime], [DeleterUserId], [DeletionTime]) VALUES (19, 4, N'El Peñón', 0, 1, NULL, CAST(0x0000A82401723F44 AS DateTime), NULL, NULL, NULL, NULL)
INSERT [dbo].[Cities] ([Id], [ProvinceId], [Name], [IsDeleted], [IsActive], [CreatorUserId], [CreationTime], [LastModifierUserId], [LastModificationTime], [DeleterUserId], [DeletionTime]) VALUES (20, 4, N'Enrriquillo', 0, 1, NULL, CAST(0x0000A82401723F44 AS DateTime), NULL, NULL, NULL, NULL)
INSERT [dbo].[Cities] ([Id], [ProvinceId], [Name], [IsDeleted], [IsActive], [CreatorUserId], [CreationTime], [LastModifierUserId], [LastModificationTime], [DeleterUserId], [DeletionTime]) VALUES (21, 4, N'Fundación', 0, 1, NULL, CAST(0x0000A82401723F44 AS DateTime), NULL, NULL, NULL, NULL)
INSERT [dbo].[Cities] ([Id], [ProvinceId], [Name], [IsDeleted], [IsActive], [CreatorUserId], [CreationTime], [LastModifierUserId], [LastModificationTime], [DeleterUserId], [DeletionTime]) VALUES (22, 4, N'Jaquimeyes', 0, 1, NULL, CAST(0x0000A82401723F44 AS DateTime), NULL, NULL, NULL, NULL)
INSERT [dbo].[Cities] ([Id], [ProvinceId], [Name], [IsDeleted], [IsActive], [CreatorUserId], [CreationTime], [LastModifierUserId], [LastModificationTime], [DeleterUserId], [DeletionTime]) VALUES (23, 4, N'La Ciénaga', 0, 1, NULL, CAST(0x0000A82401723F44 AS DateTime), NULL, NULL, NULL, NULL)
INSERT [dbo].[Cities] ([Id], [ProvinceId], [Name], [IsDeleted], [IsActive], [CreatorUserId], [CreationTime], [LastModifierUserId], [LastModificationTime], [DeleterUserId], [DeletionTime]) VALUES (24, 4, N'Las Salinas', 0, 1, NULL, CAST(0x0000A82401723F45 AS DateTime), NULL, NULL, NULL, NULL)
INSERT [dbo].[Cities] ([Id], [ProvinceId], [Name], [IsDeleted], [IsActive], [CreatorUserId], [CreationTime], [LastModifierUserId], [LastModificationTime], [DeleterUserId], [DeletionTime]) VALUES (25, 4, N'Paraiso', 0, 1, NULL, CAST(0x0000A82401723F45 AS DateTime), NULL, NULL, NULL, NULL)
INSERT [dbo].[Cities] ([Id], [ProvinceId], [Name], [IsDeleted], [IsActive], [CreatorUserId], [CreationTime], [LastModifierUserId], [LastModificationTime], [DeleterUserId], [DeletionTime]) VALUES (26, 4, N'Polo', 0, 1, NULL, CAST(0x0000A82401723F45 AS DateTime), NULL, NULL, NULL, NULL)
INSERT [dbo].[Cities] ([Id], [ProvinceId], [Name], [IsDeleted], [IsActive], [CreatorUserId], [CreationTime], [LastModifierUserId], [LastModificationTime], [DeleterUserId], [DeletionTime]) VALUES (27, 4, N'Vicente Noble', 0, 1, NULL, CAST(0x0000A82401723F45 AS DateTime), NULL, NULL, NULL, NULL)
INSERT [dbo].[Cities] ([Id], [ProvinceId], [Name], [IsDeleted], [IsActive], [CreatorUserId], [CreationTime], [LastModifierUserId], [LastModificationTime], [DeleterUserId], [DeletionTime]) VALUES (28, 5, N'Dajabón', 0, 1, NULL, CAST(0x0000A82401723F45 AS DateTime), NULL, NULL, NULL, NULL)
INSERT [dbo].[Cities] ([Id], [ProvinceId], [Name], [IsDeleted], [IsActive], [CreatorUserId], [CreationTime], [LastModifierUserId], [LastModificationTime], [DeleterUserId], [DeletionTime]) VALUES (29, 5, N'El Pino', 0, 1, NULL, CAST(0x0000A82401723F45 AS DateTime), NULL, NULL, NULL, NULL)
INSERT [dbo].[Cities] ([Id], [ProvinceId], [Name], [IsDeleted], [IsActive], [CreatorUserId], [CreationTime], [LastModifierUserId], [LastModificationTime], [DeleterUserId], [DeletionTime]) VALUES (30, 5, N'Loma de Cabrera', 0, 1, NULL, CAST(0x0000A82401723F45 AS DateTime), NULL, NULL, NULL, NULL)
INSERT [dbo].[Cities] ([Id], [ProvinceId], [Name], [IsDeleted], [IsActive], [CreatorUserId], [CreationTime], [LastModifierUserId], [LastModificationTime], [DeleterUserId], [DeletionTime]) VALUES (31, 5, N'Partido', 0, 1, NULL, CAST(0x0000A82401723F45 AS DateTime), NULL, NULL, NULL, NULL)
INSERT [dbo].[Cities] ([Id], [ProvinceId], [Name], [IsDeleted], [IsActive], [CreatorUserId], [CreationTime], [LastModifierUserId], [LastModificationTime], [DeleterUserId], [DeletionTime]) VALUES (32, 5, N'Restauración', 0, 1, NULL, CAST(0x0000A82401723F46 AS DateTime), NULL, NULL, NULL, NULL)
INSERT [dbo].[Cities] ([Id], [ProvinceId], [Name], [IsDeleted], [IsActive], [CreatorUserId], [CreationTime], [LastModifierUserId], [LastModificationTime], [DeleterUserId], [DeletionTime]) VALUES (33, 6, N'San Francisco', 0, 1, NULL, CAST(0x0000A82401723F46 AS DateTime), NULL, NULL, NULL, NULL)
INSERT [dbo].[Cities] ([Id], [ProvinceId], [Name], [IsDeleted], [IsActive], [CreatorUserId], [CreationTime], [LastModifierUserId], [LastModificationTime], [DeleterUserId], [DeletionTime]) VALUES (34, 6, N'Arenoso', 0, 1, NULL, CAST(0x0000A82401723F46 AS DateTime), NULL, NULL, NULL, NULL)
INSERT [dbo].[Cities] ([Id], [ProvinceId], [Name], [IsDeleted], [IsActive], [CreatorUserId], [CreationTime], [LastModifierUserId], [LastModificationTime], [DeleterUserId], [DeletionTime]) VALUES (35, 6, N'Castillo', 0, 1, NULL, CAST(0x0000A82401723F46 AS DateTime), NULL, NULL, NULL, NULL)
INSERT [dbo].[Cities] ([Id], [ProvinceId], [Name], [IsDeleted], [IsActive], [CreatorUserId], [CreationTime], [LastModifierUserId], [LastModificationTime], [DeleterUserId], [DeletionTime]) VALUES (36, 6, N'Eugenio María de Hostos', 0, 1, NULL, CAST(0x0000A82401723F46 AS DateTime), NULL, NULL, NULL, NULL)
INSERT [dbo].[Cities] ([Id], [ProvinceId], [Name], [IsDeleted], [IsActive], [CreatorUserId], [CreationTime], [LastModifierUserId], [LastModificationTime], [DeleterUserId], [DeletionTime]) VALUES (37, 6, N'Las Guáranas', 0, 1, NULL, CAST(0x0000A82401723F46 AS DateTime), NULL, NULL, NULL, NULL)
INSERT [dbo].[Cities] ([Id], [ProvinceId], [Name], [IsDeleted], [IsActive], [CreatorUserId], [CreationTime], [LastModifierUserId], [LastModificationTime], [DeleterUserId], [DeletionTime]) VALUES (38, 6, N'Pimentel', 0, 1, NULL, CAST(0x0000A82401723F46 AS DateTime), NULL, NULL, NULL, NULL)
INSERT [dbo].[Cities] ([Id], [ProvinceId], [Name], [IsDeleted], [IsActive], [CreatorUserId], [CreationTime], [LastModifierUserId], [LastModificationTime], [DeleterUserId], [DeletionTime]) VALUES (39, 6, N'Villa Riva', 0, 1, NULL, CAST(0x0000A82401723F46 AS DateTime), NULL, NULL, NULL, NULL)
INSERT [dbo].[Cities] ([Id], [ProvinceId], [Name], [IsDeleted], [IsActive], [CreatorUserId], [CreationTime], [LastModifierUserId], [LastModificationTime], [DeleterUserId], [DeletionTime]) VALUES (40, 7, N'El Seibo', 0, 1, NULL, CAST(0x0000A82401723F47 AS DateTime), NULL, NULL, NULL, NULL)
INSERT [dbo].[Cities] ([Id], [ProvinceId], [Name], [IsDeleted], [IsActive], [CreatorUserId], [CreationTime], [LastModifierUserId], [LastModificationTime], [DeleterUserId], [DeletionTime]) VALUES (41, 7, N'Miches', 0, 1, NULL, CAST(0x0000A82401723F47 AS DateTime), NULL, NULL, NULL, NULL)
INSERT [dbo].[Cities] ([Id], [ProvinceId], [Name], [IsDeleted], [IsActive], [CreatorUserId], [CreationTime], [LastModifierUserId], [LastModificationTime], [DeleterUserId], [DeletionTime]) VALUES (42, 8, N'Comendador', 0, 1, NULL, CAST(0x0000A82401723F47 AS DateTime), NULL, NULL, NULL, NULL)
INSERT [dbo].[Cities] ([Id], [ProvinceId], [Name], [IsDeleted], [IsActive], [CreatorUserId], [CreationTime], [LastModifierUserId], [LastModificationTime], [DeleterUserId], [DeletionTime]) VALUES (43, 8, N'Bánica', 0, 1, NULL, CAST(0x0000A82401723F47 AS DateTime), NULL, NULL, NULL, NULL)
INSERT [dbo].[Cities] ([Id], [ProvinceId], [Name], [IsDeleted], [IsActive], [CreatorUserId], [CreationTime], [LastModifierUserId], [LastModificationTime], [DeleterUserId], [DeletionTime]) VALUES (44, 8, N'El Llano', 0, 1, NULL, CAST(0x0000A82401723F47 AS DateTime), NULL, NULL, NULL, NULL)
INSERT [dbo].[Cities] ([Id], [ProvinceId], [Name], [IsDeleted], [IsActive], [CreatorUserId], [CreationTime], [LastModifierUserId], [LastModificationTime], [DeleterUserId], [DeletionTime]) VALUES (45, 8, N'Hondo Valle', 0, 1, NULL, CAST(0x0000A82401723F47 AS DateTime), NULL, NULL, NULL, NULL)
INSERT [dbo].[Cities] ([Id], [ProvinceId], [Name], [IsDeleted], [IsActive], [CreatorUserId], [CreationTime], [LastModifierUserId], [LastModificationTime], [DeleterUserId], [DeletionTime]) VALUES (46, 8, N'Juan Santiago', 0, 1, NULL, CAST(0x0000A82401723F47 AS DateTime), NULL, NULL, NULL, NULL)
INSERT [dbo].[Cities] ([Id], [ProvinceId], [Name], [IsDeleted], [IsActive], [CreatorUserId], [CreationTime], [LastModifierUserId], [LastModificationTime], [DeleterUserId], [DeletionTime]) VALUES (47, 8, N'Pedro Santana', 0, 1, NULL, CAST(0x0000A82401723F48 AS DateTime), NULL, NULL, NULL, NULL)
INSERT [dbo].[Cities] ([Id], [ProvinceId], [Name], [IsDeleted], [IsActive], [CreatorUserId], [CreationTime], [LastModifierUserId], [LastModificationTime], [DeleterUserId], [DeletionTime]) VALUES (48, 9, N'Moca', 0, 1, NULL, CAST(0x0000A82401723F48 AS DateTime), NULL, NULL, NULL, NULL)
INSERT [dbo].[Cities] ([Id], [ProvinceId], [Name], [IsDeleted], [IsActive], [CreatorUserId], [CreationTime], [LastModifierUserId], [LastModificationTime], [DeleterUserId], [DeletionTime]) VALUES (49, 9, N'Cayetano Germosén', 0, 1, NULL, CAST(0x0000A82401723F48 AS DateTime), NULL, NULL, NULL, NULL)
INSERT [dbo].[Cities] ([Id], [ProvinceId], [Name], [IsDeleted], [IsActive], [CreatorUserId], [CreationTime], [LastModifierUserId], [LastModificationTime], [DeleterUserId], [DeletionTime]) VALUES (50, 9, N'Gaspar Hernández', 0, 1, NULL, CAST(0x0000A82401723F48 AS DateTime), NULL, NULL, NULL, NULL)
INSERT [dbo].[Cities] ([Id], [ProvinceId], [Name], [IsDeleted], [IsActive], [CreatorUserId], [CreationTime], [LastModifierUserId], [LastModificationTime], [DeleterUserId], [DeletionTime]) VALUES (51, 9, N'Jamao al Norte', 0, 1, NULL, CAST(0x0000A82401723F48 AS DateTime), NULL, NULL, NULL, NULL)
INSERT [dbo].[Cities] ([Id], [ProvinceId], [Name], [IsDeleted], [IsActive], [CreatorUserId], [CreationTime], [LastModifierUserId], [LastModificationTime], [DeleterUserId], [DeletionTime]) VALUES (52, 10, N'Hato Mayor del Rey', 0, 1, NULL, CAST(0x0000A82401723F48 AS DateTime), NULL, NULL, NULL, NULL)
INSERT [dbo].[Cities] ([Id], [ProvinceId], [Name], [IsDeleted], [IsActive], [CreatorUserId], [CreationTime], [LastModifierUserId], [LastModificationTime], [DeleterUserId], [DeletionTime]) VALUES (53, 10, N'El Valle', 0, 1, NULL, CAST(0x0000A82401723F48 AS DateTime), NULL, NULL, NULL, NULL)
INSERT [dbo].[Cities] ([Id], [ProvinceId], [Name], [IsDeleted], [IsActive], [CreatorUserId], [CreationTime], [LastModifierUserId], [LastModificationTime], [DeleterUserId], [DeletionTime]) VALUES (54, 10, N'Sabana de la Mar', 0, 1, NULL, CAST(0x0000A82401723F48 AS DateTime), NULL, NULL, NULL, NULL)
INSERT [dbo].[Cities] ([Id], [ProvinceId], [Name], [IsDeleted], [IsActive], [CreatorUserId], [CreationTime], [LastModifierUserId], [LastModificationTime], [DeleterUserId], [DeletionTime]) VALUES (55, 11, N'Salcedo', 0, 1, NULL, CAST(0x0000A82401723F49 AS DateTime), NULL, NULL, NULL, NULL)
INSERT [dbo].[Cities] ([Id], [ProvinceId], [Name], [IsDeleted], [IsActive], [CreatorUserId], [CreationTime], [LastModifierUserId], [LastModificationTime], [DeleterUserId], [DeletionTime]) VALUES (56, 11, N'Tenares', 0, 1, NULL, CAST(0x0000A82401723F49 AS DateTime), NULL, NULL, NULL, NULL)
INSERT [dbo].[Cities] ([Id], [ProvinceId], [Name], [IsDeleted], [IsActive], [CreatorUserId], [CreationTime], [LastModifierUserId], [LastModificationTime], [DeleterUserId], [DeletionTime]) VALUES (57, 11, N'Villa Tapia', 0, 1, NULL, CAST(0x0000A82401723F49 AS DateTime), NULL, NULL, NULL, NULL)
INSERT [dbo].[Cities] ([Id], [ProvinceId], [Name], [IsDeleted], [IsActive], [CreatorUserId], [CreationTime], [LastModifierUserId], [LastModificationTime], [DeleterUserId], [DeletionTime]) VALUES (58, 12, N'Jimaní', 0, 1, NULL, CAST(0x0000A82401723F49 AS DateTime), NULL, NULL, NULL, NULL)
INSERT [dbo].[Cities] ([Id], [ProvinceId], [Name], [IsDeleted], [IsActive], [CreatorUserId], [CreationTime], [LastModifierUserId], [LastModificationTime], [DeleterUserId], [DeletionTime]) VALUES (59, 12, N'Critóbal', 0, 1, NULL, CAST(0x0000A82401723F49 AS DateTime), NULL, NULL, NULL, NULL)
INSERT [dbo].[Cities] ([Id], [ProvinceId], [Name], [IsDeleted], [IsActive], [CreatorUserId], [CreationTime], [LastModifierUserId], [LastModificationTime], [DeleterUserId], [DeletionTime]) VALUES (60, 12, N'Duvergé', 0, 1, NULL, CAST(0x0000A82401723F49 AS DateTime), NULL, NULL, NULL, NULL)
INSERT [dbo].[Cities] ([Id], [ProvinceId], [Name], [IsDeleted], [IsActive], [CreatorUserId], [CreationTime], [LastModifierUserId], [LastModificationTime], [DeleterUserId], [DeletionTime]) VALUES (61, 12, N'La Descubierta', 0, 1, NULL, CAST(0x0000A82401723F49 AS DateTime), NULL, NULL, NULL, NULL)
INSERT [dbo].[Cities] ([Id], [ProvinceId], [Name], [IsDeleted], [IsActive], [CreatorUserId], [CreationTime], [LastModifierUserId], [LastModificationTime], [DeleterUserId], [DeletionTime]) VALUES (62, 12, N'Mella', 0, 1, NULL, CAST(0x0000A82401723F49 AS DateTime), NULL, NULL, NULL, NULL)
INSERT [dbo].[Cities] ([Id], [ProvinceId], [Name], [IsDeleted], [IsActive], [CreatorUserId], [CreationTime], [LastModifierUserId], [LastModificationTime], [DeleterUserId], [DeletionTime]) VALUES (63, 12, N'Postrer Río', 0, 1, NULL, CAST(0x0000A82401723F49 AS DateTime), NULL, NULL, NULL, NULL)
INSERT [dbo].[Cities] ([Id], [ProvinceId], [Name], [IsDeleted], [IsActive], [CreatorUserId], [CreationTime], [LastModifierUserId], [LastModificationTime], [DeleterUserId], [DeletionTime]) VALUES (64, 13, N'Higuey', 0, 1, NULL, CAST(0x0000A82401723F4A AS DateTime), NULL, NULL, NULL, NULL)
INSERT [dbo].[Cities] ([Id], [ProvinceId], [Name], [IsDeleted], [IsActive], [CreatorUserId], [CreationTime], [LastModifierUserId], [LastModificationTime], [DeleterUserId], [DeletionTime]) VALUES (65, 13, N'San Rafael del Yuma', 0, 1, NULL, CAST(0x0000A82401723F4A AS DateTime), NULL, NULL, NULL, NULL)
INSERT [dbo].[Cities] ([Id], [ProvinceId], [Name], [IsDeleted], [IsActive], [CreatorUserId], [CreationTime], [LastModifierUserId], [LastModificationTime], [DeleterUserId], [DeletionTime]) VALUES (66, 14, N'La Romana', 0, 1, NULL, CAST(0x0000A82401723F4A AS DateTime), NULL, NULL, NULL, NULL)
INSERT [dbo].[Cities] ([Id], [ProvinceId], [Name], [IsDeleted], [IsActive], [CreatorUserId], [CreationTime], [LastModifierUserId], [LastModificationTime], [DeleterUserId], [DeletionTime]) VALUES (67, 14, N'Guaymate', 0, 1, NULL, CAST(0x0000A82401723F4A AS DateTime), NULL, NULL, NULL, NULL)
INSERT [dbo].[Cities] ([Id], [ProvinceId], [Name], [IsDeleted], [IsActive], [CreatorUserId], [CreationTime], [LastModifierUserId], [LastModificationTime], [DeleterUserId], [DeletionTime]) VALUES (68, 14, N'Villa Hermosa', 0, 1, NULL, CAST(0x0000A82401723F4A AS DateTime), NULL, NULL, NULL, NULL)
INSERT [dbo].[Cities] ([Id], [ProvinceId], [Name], [IsDeleted], [IsActive], [CreatorUserId], [CreationTime], [LastModifierUserId], [LastModificationTime], [DeleterUserId], [DeletionTime]) VALUES (69, 15, N'La Concepción de la Vega', 0, 1, NULL, CAST(0x0000A82401723F4A AS DateTime), NULL, NULL, NULL, NULL)
INSERT [dbo].[Cities] ([Id], [ProvinceId], [Name], [IsDeleted], [IsActive], [CreatorUserId], [CreationTime], [LastModifierUserId], [LastModificationTime], [DeleterUserId], [DeletionTime]) VALUES (70, 15, N'Constanza', 0, 1, NULL, CAST(0x0000A82401723F4A AS DateTime), NULL, NULL, NULL, NULL)
INSERT [dbo].[Cities] ([Id], [ProvinceId], [Name], [IsDeleted], [IsActive], [CreatorUserId], [CreationTime], [LastModifierUserId], [LastModificationTime], [DeleterUserId], [DeletionTime]) VALUES (71, 15, N'Jarabacoa', 0, 1, NULL, CAST(0x0000A82401723F4A AS DateTime), NULL, NULL, NULL, NULL)
INSERT [dbo].[Cities] ([Id], [ProvinceId], [Name], [IsDeleted], [IsActive], [CreatorUserId], [CreationTime], [LastModifierUserId], [LastModificationTime], [DeleterUserId], [DeletionTime]) VALUES (72, 15, N'Jima Abajo', 0, 1, NULL, CAST(0x0000A82401723F4A AS DateTime), NULL, NULL, NULL, NULL)
INSERT [dbo].[Cities] ([Id], [ProvinceId], [Name], [IsDeleted], [IsActive], [CreatorUserId], [CreationTime], [LastModifierUserId], [LastModificationTime], [DeleterUserId], [DeletionTime]) VALUES (73, 16, N'Nagua', 0, 1, NULL, CAST(0x0000A82401723F4A AS DateTime), NULL, NULL, NULL, NULL)
INSERT [dbo].[Cities] ([Id], [ProvinceId], [Name], [IsDeleted], [IsActive], [CreatorUserId], [CreationTime], [LastModifierUserId], [LastModificationTime], [DeleterUserId], [DeletionTime]) VALUES (74, 16, N'Cabrera', 0, 1, NULL, CAST(0x0000A82401723F4B AS DateTime), NULL, NULL, NULL, NULL)
INSERT [dbo].[Cities] ([Id], [ProvinceId], [Name], [IsDeleted], [IsActive], [CreatorUserId], [CreationTime], [LastModifierUserId], [LastModificationTime], [DeleterUserId], [DeletionTime]) VALUES (75, 16, N'El Factor', 0, 1, NULL, CAST(0x0000A82401723F4B AS DateTime), NULL, NULL, NULL, NULL)
INSERT [dbo].[Cities] ([Id], [ProvinceId], [Name], [IsDeleted], [IsActive], [CreatorUserId], [CreationTime], [LastModifierUserId], [LastModificationTime], [DeleterUserId], [DeletionTime]) VALUES (76, 16, N'Rio San Juan', 0, 1, NULL, CAST(0x0000A82401723F4B AS DateTime), NULL, NULL, NULL, NULL)
INSERT [dbo].[Cities] ([Id], [ProvinceId], [Name], [IsDeleted], [IsActive], [CreatorUserId], [CreationTime], [LastModifierUserId], [LastModificationTime], [DeleterUserId], [DeletionTime]) VALUES (77, 17, N'Bonao', 0, 1, NULL, CAST(0x0000A82401723F4B AS DateTime), NULL, NULL, NULL, NULL)
INSERT [dbo].[Cities] ([Id], [ProvinceId], [Name], [IsDeleted], [IsActive], [CreatorUserId], [CreationTime], [LastModifierUserId], [LastModificationTime], [DeleterUserId], [DeletionTime]) VALUES (78, 17, N'Maimón', 0, 1, NULL, CAST(0x0000A82401723F4B AS DateTime), NULL, NULL, NULL, NULL)
INSERT [dbo].[Cities] ([Id], [ProvinceId], [Name], [IsDeleted], [IsActive], [CreatorUserId], [CreationTime], [LastModifierUserId], [LastModificationTime], [DeleterUserId], [DeletionTime]) VALUES (79, 17, N'Piedra Blanca', 0, 1, NULL, CAST(0x0000A82401723F4B AS DateTime), NULL, NULL, NULL, NULL)
INSERT [dbo].[Cities] ([Id], [ProvinceId], [Name], [IsDeleted], [IsActive], [CreatorUserId], [CreationTime], [LastModifierUserId], [LastModificationTime], [DeleterUserId], [DeletionTime]) VALUES (80, 18, N'Montecristi', 0, 1, NULL, CAST(0x0000A82401723F4B AS DateTime), NULL, NULL, NULL, NULL)
INSERT [dbo].[Cities] ([Id], [ProvinceId], [Name], [IsDeleted], [IsActive], [CreatorUserId], [CreationTime], [LastModifierUserId], [LastModificationTime], [DeleterUserId], [DeletionTime]) VALUES (81, 18, N'Castañuela', 0, 1, NULL, CAST(0x0000A82401723F4B AS DateTime), NULL, NULL, NULL, NULL)
INSERT [dbo].[Cities] ([Id], [ProvinceId], [Name], [IsDeleted], [IsActive], [CreatorUserId], [CreationTime], [LastModifierUserId], [LastModificationTime], [DeleterUserId], [DeletionTime]) VALUES (82, 18, N'Guayubín', 0, 1, NULL, CAST(0x0000A82401723F4B AS DateTime), NULL, NULL, NULL, NULL)
INSERT [dbo].[Cities] ([Id], [ProvinceId], [Name], [IsDeleted], [IsActive], [CreatorUserId], [CreationTime], [LastModifierUserId], [LastModificationTime], [DeleterUserId], [DeletionTime]) VALUES (83, 18, N'Las Matas de Santa Cruz', 0, 1, NULL, CAST(0x0000A82401723F4C AS DateTime), NULL, NULL, NULL, NULL)
INSERT [dbo].[Cities] ([Id], [ProvinceId], [Name], [IsDeleted], [IsActive], [CreatorUserId], [CreationTime], [LastModifierUserId], [LastModificationTime], [DeleterUserId], [DeletionTime]) VALUES (84, 18, N'Pepillo Salcedo', 0, 1, NULL, CAST(0x0000A82401723F4C AS DateTime), NULL, NULL, NULL, NULL)
INSERT [dbo].[Cities] ([Id], [ProvinceId], [Name], [IsDeleted], [IsActive], [CreatorUserId], [CreationTime], [LastModifierUserId], [LastModificationTime], [DeleterUserId], [DeletionTime]) VALUES (85, 18, N'Villa Vásquez', 0, 1, NULL, CAST(0x0000A82401723F4C AS DateTime), NULL, NULL, NULL, NULL)
INSERT [dbo].[Cities] ([Id], [ProvinceId], [Name], [IsDeleted], [IsActive], [CreatorUserId], [CreationTime], [LastModifierUserId], [LastModificationTime], [DeleterUserId], [DeletionTime]) VALUES (86, 19, N'Monte Plata', 0, 1, NULL, CAST(0x0000A82401723F4C AS DateTime), NULL, NULL, NULL, NULL)
INSERT [dbo].[Cities] ([Id], [ProvinceId], [Name], [IsDeleted], [IsActive], [CreatorUserId], [CreationTime], [LastModifierUserId], [LastModificationTime], [DeleterUserId], [DeletionTime]) VALUES (87, 19, N'Bayaguana', 0, 1, NULL, CAST(0x0000A82401723F4C AS DateTime), NULL, NULL, NULL, NULL)
INSERT [dbo].[Cities] ([Id], [ProvinceId], [Name], [IsDeleted], [IsActive], [CreatorUserId], [CreationTime], [LastModifierUserId], [LastModificationTime], [DeleterUserId], [DeletionTime]) VALUES (88, 19, N'Peralvillo', 0, 1, NULL, CAST(0x0000A82401723F4C AS DateTime), NULL, NULL, NULL, NULL)
INSERT [dbo].[Cities] ([Id], [ProvinceId], [Name], [IsDeleted], [IsActive], [CreatorUserId], [CreationTime], [LastModifierUserId], [LastModificationTime], [DeleterUserId], [DeletionTime]) VALUES (89, 19, N'Sabana Grande de Boyá', 0, 1, NULL, CAST(0x0000A82401723F4C AS DateTime), NULL, NULL, NULL, NULL)
INSERT [dbo].[Cities] ([Id], [ProvinceId], [Name], [IsDeleted], [IsActive], [CreatorUserId], [CreationTime], [LastModifierUserId], [LastModificationTime], [DeleterUserId], [DeletionTime]) VALUES (90, 19, N'Yamasá', 0, 1, NULL, CAST(0x0000A82401723F4C AS DateTime), NULL, NULL, NULL, NULL)
INSERT [dbo].[Cities] ([Id], [ProvinceId], [Name], [IsDeleted], [IsActive], [CreatorUserId], [CreationTime], [LastModifierUserId], [LastModificationTime], [DeleterUserId], [DeletionTime]) VALUES (91, 20, N'Pedernales', 0, 1, NULL, CAST(0x0000A82401723F4C AS DateTime), NULL, NULL, NULL, NULL)
INSERT [dbo].[Cities] ([Id], [ProvinceId], [Name], [IsDeleted], [IsActive], [CreatorUserId], [CreationTime], [LastModifierUserId], [LastModificationTime], [DeleterUserId], [DeletionTime]) VALUES (92, 20, N'Oviedo', 0, 1, NULL, CAST(0x0000A82401723F4D AS DateTime), NULL, NULL, NULL, NULL)
INSERT [dbo].[Cities] ([Id], [ProvinceId], [Name], [IsDeleted], [IsActive], [CreatorUserId], [CreationTime], [LastModifierUserId], [LastModificationTime], [DeleterUserId], [DeletionTime]) VALUES (93, 21, N'Baní', 0, 1, NULL, CAST(0x0000A82401723F4D AS DateTime), NULL, NULL, NULL, NULL)
INSERT [dbo].[Cities] ([Id], [ProvinceId], [Name], [IsDeleted], [IsActive], [CreatorUserId], [CreationTime], [LastModifierUserId], [LastModificationTime], [DeleterUserId], [DeletionTime]) VALUES (94, 21, N'Nizao', 0, 1, NULL, CAST(0x0000A82401723F4D AS DateTime), NULL, NULL, NULL, NULL)
INSERT [dbo].[Cities] ([Id], [ProvinceId], [Name], [IsDeleted], [IsActive], [CreatorUserId], [CreationTime], [LastModifierUserId], [LastModificationTime], [DeleterUserId], [DeletionTime]) VALUES (95, 22, N'Puerto Plata', 0, 1, NULL, CAST(0x0000A82401723F4D AS DateTime), NULL, NULL, NULL, NULL)
INSERT [dbo].[Cities] ([Id], [ProvinceId], [Name], [IsDeleted], [IsActive], [CreatorUserId], [CreationTime], [LastModifierUserId], [LastModificationTime], [DeleterUserId], [DeletionTime]) VALUES (96, 22, N'Guananico', 0, 1, NULL, CAST(0x0000A82401723F4D AS DateTime), NULL, NULL, NULL, NULL)
INSERT [dbo].[Cities] ([Id], [ProvinceId], [Name], [IsDeleted], [IsActive], [CreatorUserId], [CreationTime], [LastModifierUserId], [LastModificationTime], [DeleterUserId], [DeletionTime]) VALUES (97, 22, N'Imbert', 0, 1, NULL, CAST(0x0000A82401723F4D AS DateTime), NULL, NULL, NULL, NULL)
INSERT [dbo].[Cities] ([Id], [ProvinceId], [Name], [IsDeleted], [IsActive], [CreatorUserId], [CreationTime], [LastModifierUserId], [LastModificationTime], [DeleterUserId], [DeletionTime]) VALUES (98, 22, N'Los Hidalgos', 0, 1, NULL, CAST(0x0000A82401723F4D AS DateTime), NULL, NULL, NULL, NULL)
INSERT [dbo].[Cities] ([Id], [ProvinceId], [Name], [IsDeleted], [IsActive], [CreatorUserId], [CreationTime], [LastModifierUserId], [LastModificationTime], [DeleterUserId], [DeletionTime]) VALUES (99, 22, N'Luperón', 0, 1, NULL, CAST(0x0000A82401723F4D AS DateTime), NULL, NULL, NULL, NULL)
INSERT [dbo].[Cities] ([Id], [ProvinceId], [Name], [IsDeleted], [IsActive], [CreatorUserId], [CreationTime], [LastModifierUserId], [LastModificationTime], [DeleterUserId], [DeletionTime]) VALUES (100, 22, N'Sosua', 0, 1, NULL, CAST(0x0000A82401723F4E AS DateTime), NULL, NULL, NULL, NULL)
GO
print 'Processed 100 total records'
INSERT [dbo].[Cities] ([Id], [ProvinceId], [Name], [IsDeleted], [IsActive], [CreatorUserId], [CreationTime], [LastModifierUserId], [LastModificationTime], [DeleterUserId], [DeletionTime]) VALUES (101, 22, N'Villa Isabela', 0, 1, NULL, CAST(0x0000A82401723F4E AS DateTime), NULL, NULL, NULL, NULL)
INSERT [dbo].[Cities] ([Id], [ProvinceId], [Name], [IsDeleted], [IsActive], [CreatorUserId], [CreationTime], [LastModifierUserId], [LastModificationTime], [DeleterUserId], [DeletionTime]) VALUES (102, 22, N'Villa Montellano', 0, 1, NULL, CAST(0x0000A82401723F4E AS DateTime), NULL, NULL, NULL, NULL)
INSERT [dbo].[Cities] ([Id], [ProvinceId], [Name], [IsDeleted], [IsActive], [CreatorUserId], [CreationTime], [LastModifierUserId], [LastModificationTime], [DeleterUserId], [DeletionTime]) VALUES (103, 23, N'Samaná', 0, 1, NULL, CAST(0x0000A82401723F4E AS DateTime), NULL, NULL, NULL, NULL)
INSERT [dbo].[Cities] ([Id], [ProvinceId], [Name], [IsDeleted], [IsActive], [CreatorUserId], [CreationTime], [LastModifierUserId], [LastModificationTime], [DeleterUserId], [DeletionTime]) VALUES (104, 23, N'Las Terrenas', 0, 1, NULL, CAST(0x0000A82401723F4E AS DateTime), NULL, NULL, NULL, NULL)
INSERT [dbo].[Cities] ([Id], [ProvinceId], [Name], [IsDeleted], [IsActive], [CreatorUserId], [CreationTime], [LastModifierUserId], [LastModificationTime], [DeleterUserId], [DeletionTime]) VALUES (105, 23, N'Sánchez', 0, 1, NULL, CAST(0x0000A82401723F4E AS DateTime), NULL, NULL, NULL, NULL)
INSERT [dbo].[Cities] ([Id], [ProvinceId], [Name], [IsDeleted], [IsActive], [CreatorUserId], [CreationTime], [LastModifierUserId], [LastModificationTime], [DeleterUserId], [DeletionTime]) VALUES (106, 24, N'San Cristobal', 0, 1, NULL, CAST(0x0000A82401723F4E AS DateTime), NULL, NULL, NULL, NULL)
INSERT [dbo].[Cities] ([Id], [ProvinceId], [Name], [IsDeleted], [IsActive], [CreatorUserId], [CreationTime], [LastModifierUserId], [LastModificationTime], [DeleterUserId], [DeletionTime]) VALUES (107, 24, N'Bajos de Haina', 0, 1, NULL, CAST(0x0000A82401723F4E AS DateTime), NULL, NULL, NULL, NULL)
INSERT [dbo].[Cities] ([Id], [ProvinceId], [Name], [IsDeleted], [IsActive], [CreatorUserId], [CreationTime], [LastModifierUserId], [LastModificationTime], [DeleterUserId], [DeletionTime]) VALUES (108, 24, N'Cambita Garabito', 0, 1, NULL, CAST(0x0000A82401723F4E AS DateTime), NULL, NULL, NULL, NULL)
INSERT [dbo].[Cities] ([Id], [ProvinceId], [Name], [IsDeleted], [IsActive], [CreatorUserId], [CreationTime], [LastModifierUserId], [LastModificationTime], [DeleterUserId], [DeletionTime]) VALUES (109, 24, N'Los Cacaos', 0, 1, NULL, CAST(0x0000A82401723F4F AS DateTime), NULL, NULL, NULL, NULL)
INSERT [dbo].[Cities] ([Id], [ProvinceId], [Name], [IsDeleted], [IsActive], [CreatorUserId], [CreationTime], [LastModifierUserId], [LastModificationTime], [DeleterUserId], [DeletionTime]) VALUES (110, 24, N'Sabana Grande de Palenque', 0, 1, NULL, CAST(0x0000A82401723F4F AS DateTime), NULL, NULL, NULL, NULL)
INSERT [dbo].[Cities] ([Id], [ProvinceId], [Name], [IsDeleted], [IsActive], [CreatorUserId], [CreationTime], [LastModifierUserId], [LastModificationTime], [DeleterUserId], [DeletionTime]) VALUES (111, 24, N'San Gregorio de Nigua', 0, 1, NULL, CAST(0x0000A82401723F4F AS DateTime), NULL, NULL, NULL, NULL)
INSERT [dbo].[Cities] ([Id], [ProvinceId], [Name], [IsDeleted], [IsActive], [CreatorUserId], [CreationTime], [LastModifierUserId], [LastModificationTime], [DeleterUserId], [DeletionTime]) VALUES (112, 24, N'Villa Altagracia', 0, 1, NULL, CAST(0x0000A82401723F4F AS DateTime), NULL, NULL, NULL, NULL)
INSERT [dbo].[Cities] ([Id], [ProvinceId], [Name], [IsDeleted], [IsActive], [CreatorUserId], [CreationTime], [LastModifierUserId], [LastModificationTime], [DeleterUserId], [DeletionTime]) VALUES (113, 24, N'Yaguate', 0, 1, NULL, CAST(0x0000A82401723F4F AS DateTime), NULL, NULL, NULL, NULL)
INSERT [dbo].[Cities] ([Id], [ProvinceId], [Name], [IsDeleted], [IsActive], [CreatorUserId], [CreationTime], [LastModifierUserId], [LastModificationTime], [DeleterUserId], [DeletionTime]) VALUES (114, 25, N'San José de Ocoa', 0, 1, NULL, CAST(0x0000A82401723F4F AS DateTime), NULL, NULL, NULL, NULL)
INSERT [dbo].[Cities] ([Id], [ProvinceId], [Name], [IsDeleted], [IsActive], [CreatorUserId], [CreationTime], [LastModifierUserId], [LastModificationTime], [DeleterUserId], [DeletionTime]) VALUES (115, 25, N'Rancho Arriba', 0, 1, NULL, CAST(0x0000A82401723F4F AS DateTime), NULL, NULL, NULL, NULL)
INSERT [dbo].[Cities] ([Id], [ProvinceId], [Name], [IsDeleted], [IsActive], [CreatorUserId], [CreationTime], [LastModifierUserId], [LastModificationTime], [DeleterUserId], [DeletionTime]) VALUES (116, 25, N'Sabana Larga', 0, 1, NULL, CAST(0x0000A82401723F4F AS DateTime), NULL, NULL, NULL, NULL)
INSERT [dbo].[Cities] ([Id], [ProvinceId], [Name], [IsDeleted], [IsActive], [CreatorUserId], [CreationTime], [LastModifierUserId], [LastModificationTime], [DeleterUserId], [DeletionTime]) VALUES (117, 26, N'San Juan de la Maguana', 0, 1, NULL, CAST(0x0000A82401723F4F AS DateTime), NULL, NULL, NULL, NULL)
INSERT [dbo].[Cities] ([Id], [ProvinceId], [Name], [IsDeleted], [IsActive], [CreatorUserId], [CreationTime], [LastModifierUserId], [LastModificationTime], [DeleterUserId], [DeletionTime]) VALUES (118, 26, N'Bohechio', 0, 1, NULL, CAST(0x0000A82401723F50 AS DateTime), NULL, NULL, NULL, NULL)
INSERT [dbo].[Cities] ([Id], [ProvinceId], [Name], [IsDeleted], [IsActive], [CreatorUserId], [CreationTime], [LastModifierUserId], [LastModificationTime], [DeleterUserId], [DeletionTime]) VALUES (119, 26, N'El Cercado', 0, 1, NULL, CAST(0x0000A82401723F50 AS DateTime), NULL, NULL, NULL, NULL)
INSERT [dbo].[Cities] ([Id], [ProvinceId], [Name], [IsDeleted], [IsActive], [CreatorUserId], [CreationTime], [LastModifierUserId], [LastModificationTime], [DeleterUserId], [DeletionTime]) VALUES (120, 26, N'Juan de Herrera', 0, 1, NULL, CAST(0x0000A82401723F50 AS DateTime), NULL, NULL, NULL, NULL)
INSERT [dbo].[Cities] ([Id], [ProvinceId], [Name], [IsDeleted], [IsActive], [CreatorUserId], [CreationTime], [LastModifierUserId], [LastModificationTime], [DeleterUserId], [DeletionTime]) VALUES (121, 26, N'Las Matas de Farfán', 0, 1, NULL, CAST(0x0000A82401723F50 AS DateTime), NULL, NULL, NULL, NULL)
INSERT [dbo].[Cities] ([Id], [ProvinceId], [Name], [IsDeleted], [IsActive], [CreatorUserId], [CreationTime], [LastModifierUserId], [LastModificationTime], [DeleterUserId], [DeletionTime]) VALUES (122, 26, N'Vallejuelo', 0, 1, NULL, CAST(0x0000A82401723F50 AS DateTime), NULL, NULL, NULL, NULL)
INSERT [dbo].[Cities] ([Id], [ProvinceId], [Name], [IsDeleted], [IsActive], [CreatorUserId], [CreationTime], [LastModifierUserId], [LastModificationTime], [DeleterUserId], [DeletionTime]) VALUES (123, 27, N'San Pedro de Macorís', 0, 1, NULL, CAST(0x0000A82401723F50 AS DateTime), NULL, NULL, NULL, NULL)
INSERT [dbo].[Cities] ([Id], [ProvinceId], [Name], [IsDeleted], [IsActive], [CreatorUserId], [CreationTime], [LastModifierUserId], [LastModificationTime], [DeleterUserId], [DeletionTime]) VALUES (124, 27, N'Consuelo', 0, 1, NULL, CAST(0x0000A82401723F50 AS DateTime), NULL, NULL, NULL, NULL)
INSERT [dbo].[Cities] ([Id], [ProvinceId], [Name], [IsDeleted], [IsActive], [CreatorUserId], [CreationTime], [LastModifierUserId], [LastModificationTime], [DeleterUserId], [DeletionTime]) VALUES (125, 27, N'Guayacanes', 0, 1, NULL, CAST(0x0000A82401723F50 AS DateTime), NULL, NULL, NULL, NULL)
INSERT [dbo].[Cities] ([Id], [ProvinceId], [Name], [IsDeleted], [IsActive], [CreatorUserId], [CreationTime], [LastModifierUserId], [LastModificationTime], [DeleterUserId], [DeletionTime]) VALUES (126, 27, N'Quisqueya', 0, 1, NULL, CAST(0x0000A82401723F51 AS DateTime), NULL, NULL, NULL, NULL)
INSERT [dbo].[Cities] ([Id], [ProvinceId], [Name], [IsDeleted], [IsActive], [CreatorUserId], [CreationTime], [LastModifierUserId], [LastModificationTime], [DeleterUserId], [DeletionTime]) VALUES (127, 27, N'Ramón Santana', 0, 1, NULL, CAST(0x0000A82401723F51 AS DateTime), NULL, NULL, NULL, NULL)
INSERT [dbo].[Cities] ([Id], [ProvinceId], [Name], [IsDeleted], [IsActive], [CreatorUserId], [CreationTime], [LastModifierUserId], [LastModificationTime], [DeleterUserId], [DeletionTime]) VALUES (128, 27, N'San José de los Llanos', 0, 1, NULL, CAST(0x0000A82401723F51 AS DateTime), NULL, NULL, NULL, NULL)
INSERT [dbo].[Cities] ([Id], [ProvinceId], [Name], [IsDeleted], [IsActive], [CreatorUserId], [CreationTime], [LastModifierUserId], [LastModificationTime], [DeleterUserId], [DeletionTime]) VALUES (129, 28, N'Cotuí', 0, 1, NULL, CAST(0x0000A82401723F55 AS DateTime), NULL, NULL, NULL, NULL)
INSERT [dbo].[Cities] ([Id], [ProvinceId], [Name], [IsDeleted], [IsActive], [CreatorUserId], [CreationTime], [LastModifierUserId], [LastModificationTime], [DeleterUserId], [DeletionTime]) VALUES (130, 28, N'Cevicos', 0, 1, NULL, CAST(0x0000A82401723F65 AS DateTime), NULL, NULL, NULL, NULL)
INSERT [dbo].[Cities] ([Id], [ProvinceId], [Name], [IsDeleted], [IsActive], [CreatorUserId], [CreationTime], [LastModifierUserId], [LastModificationTime], [DeleterUserId], [DeletionTime]) VALUES (131, 28, N'Fantino', 0, 1, NULL, CAST(0x0000A82401723F65 AS DateTime), NULL, NULL, NULL, NULL)
INSERT [dbo].[Cities] ([Id], [ProvinceId], [Name], [IsDeleted], [IsActive], [CreatorUserId], [CreationTime], [LastModifierUserId], [LastModificationTime], [DeleterUserId], [DeletionTime]) VALUES (132, 28, N'La Mata', 0, 1, NULL, CAST(0x0000A82401723F65 AS DateTime), NULL, NULL, NULL, NULL)
INSERT [dbo].[Cities] ([Id], [ProvinceId], [Name], [IsDeleted], [IsActive], [CreatorUserId], [CreationTime], [LastModifierUserId], [LastModificationTime], [DeleterUserId], [DeletionTime]) VALUES (133, 29, N'Santiago', 0, 1, NULL, CAST(0x0000A82401723F65 AS DateTime), NULL, NULL, NULL, NULL)
INSERT [dbo].[Cities] ([Id], [ProvinceId], [Name], [IsDeleted], [IsActive], [CreatorUserId], [CreationTime], [LastModifierUserId], [LastModificationTime], [DeleterUserId], [DeletionTime]) VALUES (134, 29, N'Bisonó', 0, 1, NULL, CAST(0x0000A82401723F65 AS DateTime), NULL, NULL, NULL, NULL)
INSERT [dbo].[Cities] ([Id], [ProvinceId], [Name], [IsDeleted], [IsActive], [CreatorUserId], [CreationTime], [LastModifierUserId], [LastModificationTime], [DeleterUserId], [DeletionTime]) VALUES (135, 29, N'Jánico', 0, 1, NULL, CAST(0x0000A82401723F66 AS DateTime), NULL, NULL, NULL, NULL)
INSERT [dbo].[Cities] ([Id], [ProvinceId], [Name], [IsDeleted], [IsActive], [CreatorUserId], [CreationTime], [LastModifierUserId], [LastModificationTime], [DeleterUserId], [DeletionTime]) VALUES (136, 29, N'Licey al Medio', 0, 1, NULL, CAST(0x0000A82401723F66 AS DateTime), NULL, NULL, NULL, NULL)
INSERT [dbo].[Cities] ([Id], [ProvinceId], [Name], [IsDeleted], [IsActive], [CreatorUserId], [CreationTime], [LastModifierUserId], [LastModificationTime], [DeleterUserId], [DeletionTime]) VALUES (137, 29, N'Puñal', 0, 1, NULL, CAST(0x0000A82401723F66 AS DateTime), NULL, NULL, NULL, NULL)
INSERT [dbo].[Cities] ([Id], [ProvinceId], [Name], [IsDeleted], [IsActive], [CreatorUserId], [CreationTime], [LastModifierUserId], [LastModificationTime], [DeleterUserId], [DeletionTime]) VALUES (138, 29, N'Sabana Iglesia', 0, 1, NULL, CAST(0x0000A82401723F66 AS DateTime), NULL, NULL, NULL, NULL)
INSERT [dbo].[Cities] ([Id], [ProvinceId], [Name], [IsDeleted], [IsActive], [CreatorUserId], [CreationTime], [LastModifierUserId], [LastModificationTime], [DeleterUserId], [DeletionTime]) VALUES (139, 29, N'San José de las Matas', 0, 1, NULL, CAST(0x0000A82401723F66 AS DateTime), NULL, NULL, NULL, NULL)
INSERT [dbo].[Cities] ([Id], [ProvinceId], [Name], [IsDeleted], [IsActive], [CreatorUserId], [CreationTime], [LastModifierUserId], [LastModificationTime], [DeleterUserId], [DeletionTime]) VALUES (140, 29, N'Tamboril', 0, 1, NULL, CAST(0x0000A82401723F66 AS DateTime), NULL, NULL, NULL, NULL)
INSERT [dbo].[Cities] ([Id], [ProvinceId], [Name], [IsDeleted], [IsActive], [CreatorUserId], [CreationTime], [LastModifierUserId], [LastModificationTime], [DeleterUserId], [DeletionTime]) VALUES (141, 29, N'Villa González', 0, 1, NULL, CAST(0x0000A82401723F66 AS DateTime), NULL, NULL, NULL, NULL)
INSERT [dbo].[Cities] ([Id], [ProvinceId], [Name], [IsDeleted], [IsActive], [CreatorUserId], [CreationTime], [LastModifierUserId], [LastModificationTime], [DeleterUserId], [DeletionTime]) VALUES (142, 30, N'San Ignacio de Sabaneta', 0, 1, NULL, CAST(0x0000A82401723F67 AS DateTime), NULL, NULL, NULL, NULL)
INSERT [dbo].[Cities] ([Id], [ProvinceId], [Name], [IsDeleted], [IsActive], [CreatorUserId], [CreationTime], [LastModifierUserId], [LastModificationTime], [DeleterUserId], [DeletionTime]) VALUES (143, 30, N'Los Almácigos', 0, 1, NULL, CAST(0x0000A82401723F67 AS DateTime), NULL, NULL, NULL, NULL)
INSERT [dbo].[Cities] ([Id], [ProvinceId], [Name], [IsDeleted], [IsActive], [CreatorUserId], [CreationTime], [LastModifierUserId], [LastModificationTime], [DeleterUserId], [DeletionTime]) VALUES (144, 30, N'Monción', 0, 1, NULL, CAST(0x0000A82401723F67 AS DateTime), NULL, NULL, NULL, NULL)
INSERT [dbo].[Cities] ([Id], [ProvinceId], [Name], [IsDeleted], [IsActive], [CreatorUserId], [CreationTime], [LastModifierUserId], [LastModificationTime], [DeleterUserId], [DeletionTime]) VALUES (145, 31, N'Santo Domingo Este', 0, 1, NULL, CAST(0x0000A82401723F67 AS DateTime), NULL, NULL, NULL, NULL)
INSERT [dbo].[Cities] ([Id], [ProvinceId], [Name], [IsDeleted], [IsActive], [CreatorUserId], [CreationTime], [LastModifierUserId], [LastModificationTime], [DeleterUserId], [DeletionTime]) VALUES (146, 31, N'Boca Chica', 0, 1, NULL, CAST(0x0000A82401723F68 AS DateTime), NULL, NULL, NULL, NULL)
INSERT [dbo].[Cities] ([Id], [ProvinceId], [Name], [IsDeleted], [IsActive], [CreatorUserId], [CreationTime], [LastModifierUserId], [LastModificationTime], [DeleterUserId], [DeletionTime]) VALUES (147, 31, N'Los Alcarrizos', 0, 1, NULL, CAST(0x0000A82401723F68 AS DateTime), NULL, NULL, NULL, NULL)
INSERT [dbo].[Cities] ([Id], [ProvinceId], [Name], [IsDeleted], [IsActive], [CreatorUserId], [CreationTime], [LastModifierUserId], [LastModificationTime], [DeleterUserId], [DeletionTime]) VALUES (148, 31, N'Pedro Brand', 0, 1, NULL, CAST(0x0000A82401723F68 AS DateTime), NULL, NULL, NULL, NULL)
INSERT [dbo].[Cities] ([Id], [ProvinceId], [Name], [IsDeleted], [IsActive], [CreatorUserId], [CreationTime], [LastModifierUserId], [LastModificationTime], [DeleterUserId], [DeletionTime]) VALUES (149, 31, N'San Antonio de Guerra', 0, 1, NULL, CAST(0x0000A82401723F68 AS DateTime), NULL, NULL, NULL, NULL)
INSERT [dbo].[Cities] ([Id], [ProvinceId], [Name], [IsDeleted], [IsActive], [CreatorUserId], [CreationTime], [LastModifierUserId], [LastModificationTime], [DeleterUserId], [DeletionTime]) VALUES (150, 31, N'Santo Domingo Norte', 0, 1, NULL, CAST(0x0000A82401723F68 AS DateTime), NULL, NULL, NULL, NULL)
INSERT [dbo].[Cities] ([Id], [ProvinceId], [Name], [IsDeleted], [IsActive], [CreatorUserId], [CreationTime], [LastModifierUserId], [LastModificationTime], [DeleterUserId], [DeletionTime]) VALUES (151, 31, N'Santo Domingo Oeste', 0, 1, NULL, CAST(0x0000A82401723F68 AS DateTime), NULL, NULL, NULL, NULL)
INSERT [dbo].[Cities] ([Id], [ProvinceId], [Name], [IsDeleted], [IsActive], [CreatorUserId], [CreationTime], [LastModifierUserId], [LastModificationTime], [DeleterUserId], [DeletionTime]) VALUES (152, 32, N'Mao', 0, 1, NULL, CAST(0x0000A82401723F69 AS DateTime), NULL, NULL, NULL, NULL)
INSERT [dbo].[Cities] ([Id], [ProvinceId], [Name], [IsDeleted], [IsActive], [CreatorUserId], [CreationTime], [LastModifierUserId], [LastModificationTime], [DeleterUserId], [DeletionTime]) VALUES (153, 32, N'Esperanza', 0, 1, NULL, CAST(0x0000A82401723F69 AS DateTime), NULL, NULL, NULL, NULL)
INSERT [dbo].[Cities] ([Id], [ProvinceId], [Name], [IsDeleted], [IsActive], [CreatorUserId], [CreationTime], [LastModifierUserId], [LastModificationTime], [DeleterUserId], [DeletionTime]) VALUES (154, 32, N'Laguna Salada', 0, 1, NULL, CAST(0x0000A82401723F69 AS DateTime), NULL, NULL, NULL, NULL)
INSERT [dbo].[Cities] ([Id], [ProvinceId], [Name], [IsDeleted], [IsActive], [CreatorUserId], [CreationTime], [LastModifierUserId], [LastModificationTime], [DeleterUserId], [DeletionTime]) VALUES (155, 22, N'Altamira', 0, 1, NULL, CAST(0x0000A82401723F69 AS DateTime), NULL, NULL, NULL, NULL)
SET IDENTITY_INSERT [dbo].[Cities] OFF
